households,step,hours,metric,runs,mean,minimum,maximum
24,1,0.5,official_recipient_share,3,0.0,0.0,0.0
24,1,0.5,first_departure_share,3,0.0,0.0,0.0
24,1,0.5,all_safe_household_share,3,0.0,0.0,0.0
24,1,0.5,joint_agreement_household_share,3,0.0,0.0,0.0
24,1,0.5,joint_execution_household_share,3,0.0,0.0,0.0
24,2,1.0,official_recipient_share,3,0.0,0.0,0.0
24,2,1.0,first_departure_share,3,0.0,0.0,0.0
24,2,1.0,all_safe_household_share,3,0.0,0.0,0.0
24,2,1.0,joint_agreement_household_share,3,0.0,0.0,0.0
24,2,1.0,joint_execution_household_share,3,0.0,0.0,0.0
24,3,1.5,official_recipient_share,3,0.16129032258064516,0.16129032258064516,0.16129032258064516
24,3,1.5,first_departure_share,3,0.01075268817204301,0.0,0.03225806451612903
24,3,1.5,all_safe_household_share,3,0.013888888888888888,0.0,0.041666666666666664
24,3,1.5,joint_agreement_household_share,3,0.0,0.0,0.0
24,3,1.5,joint_execution_household_share,3,0.0,0.0,0.0
24,4,2.0,official_recipient_share,3,0.16129032258064516,0.16129032258064516,0.16129032258064516
24,4,2.0,first_departure_share,3,0.01075268817204301,0.0,0.03225806451612903
24,4,2.0,all_safe_household_share,3,0.013888888888888888,0.0,0.041666666666666664
24,4,2.0,joint_agreement_household_share,3,0.0,0.0,0.0
24,4,2.0,joint_execution_household_share,3,0.0,0.0,0.0
24,5,2.5,official_recipient_share,3,0.16129032258064516,0.16129032258064516,0.16129032258064516
24,5,2.5,first_departure_share,3,0.02150537634408602,0.0,0.03225806451612903
24,5,2.5,all_safe_household_share,3,0.027777777777777776,0.0,0.041666666666666664
24,5,2.5,joint_agreement_household_share,3,0.09523809523809523,0.0,0.14285714285714285
24,5,2.5,joint_execution_household_share,3,0.0,0.0,0.0
24,6,3.0,official_recipient_share,3,0.16129032258064516,0.16129032258064516,0.16129032258064516
24,6,3.0,first_departure_share,3,0.07526881720430108,0.06451612903225806,0.0967741935483871
24,6,3.0,all_safe_household_share,3,0.06944444444444445,0.041666666666666664,0.08333333333333333
24,6,3.0,joint_agreement_household_share,3,0.09523809523809523,0.0,0.14285714285714285
24,6,3.0,joint_execution_household_share,3,0.09523809523809523,0.0,0.14285714285714285
24,7,3.5,official_recipient_share,3,0.5483870967741935,0.5483870967741935,0.5483870967741935
24,7,3.5,first_departure_share,3,0.27956989247311825,0.22580645161290322,0.3548387096774194
24,7,3.5,all_safe_household_share,3,0.3055555555555556,0.25,0.375
24,7,3.5,joint_agreement_household_share,3,0.09523809523809523,0.0,0.14285714285714285
24,7,3.5,joint_execution_household_share,3,0.09523809523809523,0.0,0.14285714285714285
24,8,4.0,official_recipient_share,3,0.5483870967741935,0.5483870967741935,0.5483870967741935
24,8,4.0,first_departure_share,3,0.27956989247311825,0.22580645161290322,0.3548387096774194
24,8,4.0,all_safe_household_share,3,0.3055555555555556,0.25,0.375
24,8,4.0,joint_agreement_household_share,3,0.2857142857142857,0.2857142857142857,0.2857142857142857
24,8,4.0,joint_execution_household_share,3,0.09523809523809523,0.0,0.14285714285714285
24,9,4.5,official_recipient_share,3,0.5483870967741935,0.5483870967741935,0.5483870967741935
24,9,4.5,first_departure_share,3,0.27956989247311825,0.22580645161290322,0.3548387096774194
24,9,4.5,all_safe_household_share,3,0.3055555555555556,0.25,0.375
24,9,4.5,joint_agreement_household_share,3,0.3333333333333333,0.2857142857142857,0.42857142857142855
24,9,4.5,joint_execution_household_share,3,0.09523809523809523,0.0,0.14285714285714285
24,10,5.0,official_recipient_share,3,0.5483870967741935,0.5483870967741935,0.5483870967741935
24,10,5.0,first_departure_share,3,0.3010752688172043,0.22580645161290322,0.3870967741935484
24,10,5.0,all_safe_household_share,3,0.3055555555555556,0.25,0.375
24,10,5.0,joint_agreement_household_share,3,0.3333333333333333,0.2857142857142857,0.42857142857142855
24,10,5.0,joint_execution_household_share,3,0.09523809523809523,0.0,0.14285714285714285
24,11,5.5,official_recipient_share,3,0.5483870967741935,0.5483870967741935,0.5483870967741935
24,11,5.5,first_departure_share,3,0.3225806451612903,0.25806451612903225,0.3870967741935484
24,11,5.5,all_safe_household_share,3,0.3194444444444444,0.25,0.375
24,11,5.5,joint_agreement_household_share,3,0.3333333333333333,0.2857142857142857,0.42857142857142855
24,11,5.5,joint_execution_household_share,3,0.09523809523809523,0.0,0.14285714285714285
24,12,6.0,official_recipient_share,3,0.5483870967741935,0.5483870967741935,0.5483870967741935
24,12,6.0,first_departure_share,3,0.3440860215053763,0.3225806451612903,0.3870967741935484
24,12,6.0,all_safe_household_share,3,0.3333333333333333,0.2916666666666667,0.375
24,12,6.0,joint_agreement_household_share,3,0.3333333333333333,0.2857142857142857,0.42857142857142855
24,12,6.0,joint_execution_household_share,3,0.14285714285714285,0.14285714285714285,0.14285714285714285
24,13,6.5,official_recipient_share,3,0.5483870967741935,0.5483870967741935,0.5483870967741935
24,13,6.5,first_departure_share,3,0.3655913978494624,0.3225806451612903,0.41935483870967744
24,13,6.5,all_safe_household_share,3,0.3611111111111111,0.2916666666666667,0.4166666666666667
24,13,6.5,joint_agreement_household_share,3,0.3333333333333333,0.2857142857142857,0.42857142857142855
24,13,6.5,joint_execution_household_share,3,0.14285714285714285,0.14285714285714285,0.14285714285714285
24,14,7.0,official_recipient_share,3,0.5483870967741935,0.5483870967741935,0.5483870967741935
24,14,7.0,first_departure_share,3,0.3870967741935484,0.3548387096774194,0.41935483870967744
24,14,7.0,all_safe_household_share,3,0.375,0.3333333333333333,0.4166666666666667
24,14,7.0,joint_agreement_household_share,3,0.3333333333333333,0.2857142857142857,0.42857142857142855
24,14,7.0,joint_execution_household_share,3,0.19047619047619047,0.14285714285714285,0.2857142857142857
24,15,7.5,official_recipient_share,3,0.5483870967741935,0.5483870967741935,0.5483870967741935
24,15,7.5,first_departure_share,3,0.3870967741935484,0.3548387096774194,0.41935483870967744
24,15,7.5,all_safe_household_share,3,0.375,0.3333333333333333,0.4166666666666667
24,15,7.5,joint_agreement_household_share,3,0.3333333333333333,0.2857142857142857,0.42857142857142855
24,15,7.5,joint_execution_household_share,3,0.19047619047619047,0.14285714285714285,0.2857142857142857
24,16,8.0,official_recipient_share,3,0.5483870967741935,0.5483870967741935,0.5483870967741935
24,16,8.0,first_departure_share,3,0.3870967741935484,0.3548387096774194,0.41935483870967744
24,16,8.0,all_safe_household_share,3,0.375,0.3333333333333333,0.4166666666666667
24,16,8.0,joint_agreement_household_share,3,0.3333333333333333,0.2857142857142857,0.42857142857142855
24,16,8.0,joint_execution_household_share,3,0.19047619047619047,0.14285714285714285,0.2857142857142857
24,17,8.5,official_recipient_share,3,0.5483870967741935,0.5483870967741935,0.5483870967741935
24,17,8.5,first_departure_share,3,0.3870967741935484,0.3548387096774194,0.41935483870967744
24,17,8.5,all_safe_household_share,3,0.375,0.3333333333333333,0.4166666666666667
24,17,8.5,joint_agreement_household_share,3,0.3333333333333333,0.2857142857142857,0.42857142857142855
24,17,8.5,joint_execution_household_share,3,0.19047619047619047,0.14285714285714285,0.2857142857142857
24,18,9.0,official_recipient_share,3,0.5483870967741935,0.5483870967741935,0.5483870967741935
24,18,9.0,first_departure_share,3,0.3870967741935484,0.3548387096774194,0.41935483870967744
24,18,9.0,all_safe_household_share,3,0.375,0.3333333333333333,0.4166666666666667
24,18,9.0,joint_agreement_household_share,3,0.3333333333333333,0.2857142857142857,0.42857142857142855
24,18,9.0,joint_execution_household_share,3,0.19047619047619047,0.14285714285714285,0.2857142857142857
24,19,9.5,official_recipient_share,3,0.5483870967741935,0.5483870967741935,0.5483870967741935
24,19,9.5,first_departure_share,3,0.3870967741935484,0.3548387096774194,0.41935483870967744
24,19,9.5,all_safe_household_share,3,0.375,0.3333333333333333,0.4166666666666667
24,19,9.5,joint_agreement_household_share,3,0.3333333333333333,0.2857142857142857,0.42857142857142855
24,19,9.5,joint_execution_household_share,3,0.19047619047619047,0.14285714285714285,0.2857142857142857
24,20,10.0,official_recipient_share,3,0.5483870967741935,0.5483870967741935,0.5483870967741935
24,20,10.0,first_departure_share,3,0.3870967741935484,0.3548387096774194,0.41935483870967744
24,20,10.0,all_safe_household_share,3,0.375,0.3333333333333333,0.4166666666666667
24,20,10.0,joint_agreement_household_share,3,0.3333333333333333,0.2857142857142857,0.42857142857142855
24,20,10.0,joint_execution_household_share,3,0.19047619047619047,0.14285714285714285,0.2857142857142857
24,21,10.5,official_recipient_share,3,0.5483870967741935,0.5483870967741935,0.5483870967741935
24,21,10.5,first_departure_share,3,0.41935483870967744,0.3548387096774194,0.45161290322580644
24,21,10.5,all_safe_household_share,3,0.4166666666666667,0.375,0.4583333333333333
24,21,10.5,joint_agreement_household_share,3,0.3333333333333333,0.2857142857142857,0.42857142857142855
24,21,10.5,joint_execution_household_share,3,0.19047619047619047,0.14285714285714285,0.2857142857142857
24,22,11.0,official_recipient_share,3,0.5483870967741935,0.5483870967741935,0.5483870967741935
24,22,11.0,first_departure_share,3,0.41935483870967744,0.3548387096774194,0.45161290322580644
24,22,11.0,all_safe_household_share,3,0.4166666666666667,0.375,0.4583333333333333
24,22,11.0,joint_agreement_household_share,3,0.3333333333333333,0.2857142857142857,0.42857142857142855
24,22,11.0,joint_execution_household_share,3,0.19047619047619047,0.14285714285714285,0.2857142857142857
24,23,11.5,official_recipient_share,3,0.5483870967741935,0.5483870967741935,0.5483870967741935
24,23,11.5,first_departure_share,3,0.41935483870967744,0.3548387096774194,0.45161290322580644
24,23,11.5,all_safe_household_share,3,0.4166666666666667,0.375,0.4583333333333333
24,23,11.5,joint_agreement_household_share,3,0.3333333333333333,0.2857142857142857,0.42857142857142855
24,23,11.5,joint_execution_household_share,3,0.19047619047619047,0.14285714285714285,0.2857142857142857
24,24,12.0,official_recipient_share,3,0.5483870967741935,0.5483870967741935,0.5483870967741935
24,24,12.0,first_departure_share,3,0.41935483870967744,0.3548387096774194,0.45161290322580644
24,24,12.0,all_safe_household_share,3,0.4166666666666667,0.375,0.4583333333333333
24,24,12.0,joint_agreement_household_share,3,0.3333333333333333,0.2857142857142857,0.42857142857142855
24,24,12.0,joint_execution_household_share,3,0.19047619047619047,0.14285714285714285,0.2857142857142857
24,25,12.5,official_recipient_share,3,0.5483870967741935,0.5483870967741935,0.5483870967741935
24,25,12.5,first_departure_share,3,0.44086021505376344,0.3870967741935484,0.4838709677419355
24,25,12.5,all_safe_household_share,3,0.4444444444444444,0.4166666666666667,0.4583333333333333
24,25,12.5,joint_agreement_household_share,3,0.42857142857142855,0.42857142857142855,0.42857142857142855
24,25,12.5,joint_execution_household_share,3,0.19047619047619047,0.14285714285714285,0.2857142857142857
