condition,seed,status,n_households,n_decision_residents,warning_retention_rate,primary_to_alternate_update_rate,successful_replan_rate,compatible_commitment_rate,coordinated_departure_rate,uncoordinated_departure_rate,resource_conflict_rejections_per_household,dependent_left_behind_rejections,accepted_message_receipts,delivered_message_receipts,dropped_message_deliveries,realized_closure_step,n_logical_decisions,run_terminal_status,fallback_rate,cost_usd
full,101,PILOT,20,40,0.9,1.0,0.9,0.95,0.9,0.0,0.0,0,48,50,43,3,196,VALID,0.0,0.0
full_minus_memory,101,PILOT,20,40,0.0,1.0,0.9,0.95,0.9,0.0,0.0,0,48,50,43,3,196,VALID,0.0,0.0
full_minus_feedback,101,PILOT,20,40,0.9,0.0,0.0,0.0,0.0,0.0,0.0,0,24,24,26,3,278,VALID,0.0,0.0
full_minus_planning,101,PILOT,20,40,0.9,0.0,0.0,0.0,0.0,0.0,0.0,0,0,0,0,3,178,VALID,0.0,0.0
full_minus_interaction,101,PILOT,20,40,0.9,1.0,1.0,0.0,0.0,1.0,4.0,0,0,0,0,3,180,VALID,0.0,0.0
full,202,PILOT,20,40,0.75,0.4,0.3,0.3,0.9,0.0,0.0,0,31,33,41,6,172,VALID,0.0,0.0
full_minus_memory,202,PILOT,20,40,0.0,0.4,0.3,0.3,0.9,0.0,0.0,0,31,33,41,6,172,VALID,0.0,0.0
full_minus_feedback,202,PILOT,20,40,0.75,0.0,0.0,0.0,0.6,0.0,0.0,0,27,27,37,6,172,VALID,0.0,0.0
full_minus_planning,202,PILOT,20,40,0.75,0.0,0.0,0.0,0.0,0.0,0.0,0,0,0,0,6,175,VALID,0.0,0.0
full_minus_interaction,202,PILOT,20,40,0.75,0.7,0.4,0.0,0.0,1.0,4.0,0,0,0,0,6,168,VALID,0.0,0.0
full,303,PILOT,20,40,0.8,1.0,0.95,1.0,0.95,0.0,0.0,0,46,47,50,3,200,VALID,0.0,0.0
full_minus_memory,303,PILOT,20,40,0.0,1.0,0.95,1.0,0.95,0.0,0.0,0,46,47,50,3,200,VALID,0.0,0.0
full_minus_feedback,303,PILOT,20,40,0.8,0.0,0.0,0.0,0.0,0.0,0.0,0,31,32,31,3,256,VALID,0.0,0.0
full_minus_planning,303,PILOT,20,40,0.8,0.0,0.0,0.0,0.0,0.0,0.0,0,0,0,0,3,176,VALID,0.0,0.0
full_minus_interaction,303,PILOT,20,40,0.8,1.0,1.0,0.0,0.0,1.0,4.0,0,0,0,0,3,172,VALID,0.0,0.0
full,404,PILOT,20,40,0.9,1.0,0.8,0.95,0.8,0.0,0.0,0,37,38,70,3,204,VALID,0.0,0.0
full_minus_memory,404,PILOT,20,40,0.0,1.0,0.8,0.95,0.8,0.0,0.0,0,37,38,70,3,204,VALID,0.0,0.0
full_minus_feedback,404,PILOT,20,40,0.9,0.0,0.0,0.0,0.0,0.0,0.0,0,30,31,35,3,262,VALID,0.0,0.0
full_minus_planning,404,PILOT,20,40,0.9,0.0,0.0,0.0,0.0,0.0,0.0,0,0,0,0,3,178,VALID,0.0,0.0
full_minus_interaction,404,PILOT,20,40,0.9,1.0,1.0,0.0,0.0,1.0,4.0,0,0,0,0,3,180,VALID,0.0,0.0
full,505,PILOT,20,40,0.85,1.0,0.85,0.95,0.85,0.0,0.0,0,44,47,51,4,218,VALID,0.0,0.0
full_minus_memory,505,PILOT,20,40,0.0,1.0,0.85,0.95,0.85,0.0,0.0,0,44,47,51,4,218,VALID,0.0,0.0
full_minus_feedback,505,PILOT,20,40,0.85,0.0,0.0,0.0,0.0,0.0,0.0,0,30,31,28,4,264,VALID,0.0,0.0
full_minus_planning,505,PILOT,20,40,0.85,0.0,0.0,0.0,0.0,0.0,0.0,0,0,0,0,4,177,VALID,0.0,0.0
full_minus_interaction,505,PILOT,20,40,0.85,1.0,1.0,0.0,0.0,1.0,4.0,0,0,0,0,4,176,VALID,0.0,0.0
full,606,PILOT,20,40,0.85,1.0,0.65,0.8,0.65,0.0,0.0,0,45,48,59,5,247,VALID,0.0,0.0
full_minus_memory,606,PILOT,20,40,0.0,1.0,0.65,0.8,0.65,0.0,0.0,0,45,48,59,5,247,VALID,0.0,0.0
full_minus_feedback,606,PILOT,20,40,0.85,0.0,0.0,0.0,0.0,0.0,0.0,0,30,30,33,5,263,VALID,0.0,0.0
full_minus_planning,606,PILOT,20,40,0.85,0.0,0.0,0.0,0.0,0.0,0.0,0,0,0,0,5,177,VALID,0.0,0.0
full_minus_interaction,606,PILOT,20,40,0.85,1.0,1.0,0.0,0.0,1.0,4.0,0,0,0,0,5,176,VALID,0.0,0.0
full,707,PILOT,20,40,0.9,1.0,0.75,0.8,0.75,0.0,0.0,0,44,45,68,4,237,VALID,0.0,0.0
full_minus_memory,707,PILOT,20,40,0.0,1.0,0.75,0.8,0.75,0.0,0.0,0,44,45,68,4,237,VALID,0.0,0.0
full_minus_feedback,707,PILOT,20,40,0.9,0.0,0.0,0.0,0.0,0.0,0.0,0,26,27,38,4,269,VALID,0.0,0.0
full_minus_planning,707,PILOT,20,40,0.9,0.0,0.0,0.0,0.0,0.0,0.0,0,0,0,0,4,178,VALID,0.0,0.0
full_minus_interaction,707,PILOT,20,40,0.9,1.0,1.0,0.0,0.0,1.0,4.0,0,0,0,0,4,180,VALID,0.0,0.0
full,808,PILOT,20,40,0.7,1.0,0.75,0.8,0.75,0.0,0.0,0,41,43,54,5,225,VALID,0.0,0.0
full_minus_memory,808,PILOT,20,40,0.0,1.0,0.75,0.8,0.75,0.0,0.0,0,41,43,54,5,225,VALID,0.0,0.0
full_minus_feedback,808,PILOT,20,40,0.7,0.0,0.0,0.0,0.0,0.0,0.0,0,30,30,33,5,243,VALID,0.0,0.0
full_minus_planning,808,PILOT,20,40,0.7,0.0,0.0,0.0,0.0,0.0,0.0,0,0,0,0,5,174,VALID,0.0,0.0
full_minus_interaction,808,PILOT,20,40,0.7,1.0,1.0,0.0,0.0,1.0,4.0,0,0,0,0,5,164,VALID,0.0,0.0
full,909,PILOT,20,40,0.65,1.0,0.7,0.8,0.7,0.0,0.0,0,37,41,50,5,215,VALID,0.0,0.0
full_minus_memory,909,PILOT,20,40,0.0,1.0,0.7,0.8,0.7,0.0,0.0,0,37,41,50,5,215,VALID,0.0,0.0
full_minus_feedback,909,PILOT,20,40,0.65,0.0,0.0,0.0,0.0,0.0,0.0,0,25,26,30,5,239,VALID,0.0,0.0
full_minus_planning,909,PILOT,20,40,0.65,0.0,0.0,0.0,0.0,0.0,0.0,0,0,0,0,5,173,VALID,0.0,0.0
full_minus_interaction,909,PILOT,20,40,0.65,1.0,1.0,0.0,0.0,1.0,4.0,0,0,0,0,5,160,VALID,0.0,0.0
full,1010,PILOT,20,40,0.8,0.5,0.25,0.35,0.75,0.0,0.0,0,28,31,50,6,192,VALID,0.0,0.0
full_minus_memory,1010,PILOT,20,40,0.0,0.5,0.25,0.35,0.75,0.0,0.0,0,28,31,50,6,192,VALID,0.0,0.0
full_minus_feedback,1010,PILOT,20,40,0.8,0.0,0.0,0.0,0.5,0.0,0.0,0,22,22,53,6,192,VALID,0.0,0.0
full_minus_planning,1010,PILOT,20,40,0.8,0.0,0.0,0.0,0.0,0.0,0.0,0,0,0,0,6,176,VALID,0.0,0.0
full_minus_interaction,1010,PILOT,20,40,0.8,0.7,0.4,0.0,0.0,1.0,4.0,0,0,0,0,6,172,VALID,0.0,0.0
