hours_since_fire,departed_count,departed_share,denominator_q9_answered
0.0,0,0.0,330
0.5,0,0.0,330
1.0,1,0.0030303030303030303,330
1.5,1,0.0030303030303030303,330
2.0,3,0.00909090909090909,330
2.5,3,0.00909090909090909,330
3.0,3,0.00909090909090909,330
3.5,3,0.00909090909090909,330
4.0,3,0.00909090909090909,330
4.5,3,0.00909090909090909,330
5.0,3,0.00909090909090909,330
5.5,3,0.00909090909090909,330
6.0,5,0.015151515151515152,330
6.5,5,0.015151515151515152,330
7.0,5,0.015151515151515152,330
7.5,5,0.015151515151515152,330
8.0,5,0.015151515151515152,330
8.5,5,0.015151515151515152,330
9.0,5,0.015151515151515152,330
9.5,5,0.015151515151515152,330
10.0,5,0.015151515151515152,330
10.5,5,0.015151515151515152,330
11.0,5,0.015151515151515152,330
11.5,5,0.015151515151515152,330
12.0,5,0.015151515151515152,330
12.5,5,0.015151515151515152,330
13.0,5,0.015151515151515152,330
13.5,5,0.015151515151515152,330
14.0,5,0.015151515151515152,330
14.5,5,0.015151515151515152,330
15.0,5,0.015151515151515152,330
15.5,5,0.015151515151515152,330
16.0,5,0.015151515151515152,330
16.5,5,0.015151515151515152,330
17.0,6,0.01818181818181818,330
17.5,6,0.01818181818181818,330
18.0,7,0.021212121212121213,330
18.5,7,0.021212121212121213,330
19.0,7,0.021212121212121213,330
19.5,7,0.021212121212121213,330
20.0,7,0.021212121212121213,330
20.5,7,0.021212121212121213,330
21.0,7,0.021212121212121213,330
21.5,7,0.021212121212121213,330
22.0,7,0.021212121212121213,330
22.5,7,0.021212121212121213,330
23.0,8,0.024242424242424242,330
23.5,8,0.024242424242424242,330
24.0,8,0.024242424242424242,330
24.5,8,0.024242424242424242,330
25.0,8,0.024242424242424242,330
25.5,8,0.024242424242424242,330
26.0,8,0.024242424242424242,330
26.5,8,0.024242424242424242,330
27.0,8,0.024242424242424242,330
27.5,8,0.024242424242424242,330
28.0,8,0.024242424242424242,330
28.5,8,0.024242424242424242,330
29.0,9,0.02727272727272727,330
29.5,9,0.02727272727272727,330
30.0,10,0.030303030303030304,330
30.5,10,0.030303030303030304,330
31.0,10,0.030303030303030304,330
31.5,10,0.030303030303030304,330
32.0,10,0.030303030303030304,330
32.5,10,0.030303030303030304,330
33.0,11,0.03333333333333333,330
33.5,11,0.03333333333333333,330
34.0,11,0.03333333333333333,330
34.5,11,0.03333333333333333,330
35.0,11,0.03333333333333333,330
35.5,11,0.03333333333333333,330
36.0,11,0.03333333333333333,330
36.5,11,0.03333333333333333,330
37.0,11,0.03333333333333333,330
37.5,11,0.03333333333333333,330
38.0,14,0.04242424242424243,330
38.5,14,0.04242424242424243,330
39.0,15,0.045454545454545456,330
39.5,15,0.045454545454545456,330
40.0,16,0.048484848484848485,330
40.5,16,0.048484848484848485,330
41.0,17,0.051515151515151514,330
41.5,17,0.051515151515151514,330
42.0,18,0.05454545454545454,330
42.5,18,0.05454545454545454,330
43.0,18,0.05454545454545454,330
43.5,18,0.05454545454545454,330
44.0,19,0.05757575757575758,330
44.5,19,0.05757575757575758,330
45.0,19,0.05757575757575758,330
45.5,19,0.05757575757575758,330
46.0,19,0.05757575757575758,330
46.5,19,0.05757575757575758,330
47.0,19,0.05757575757575758,330
47.5,19,0.05757575757575758,330
48.0,19,0.05757575757575758,330
48.5,19,0.05757575757575758,330
49.0,19,0.05757575757575758,330
49.5,19,0.05757575757575758,330
50.0,20,0.06060606060606061,330
50.5,20,0.06060606060606061,330
51.0,23,0.0696969696969697,330
51.5,23,0.0696969696969697,330
52.0,24,0.07272727272727272,330
52.5,24,0.07272727272727272,330
53.0,27,0.08181818181818182,330
53.5,27,0.08181818181818182,330
54.0,28,0.08484848484848485,330
54.5,28,0.08484848484848485,330
55.0,30,0.09090909090909091,330
55.5,30,0.09090909090909091,330
56.0,31,0.09393939393939393,330
56.5,31,0.09393939393939393,330
57.0,34,0.10303030303030303,330
57.5,34,0.10303030303030303,330
58.0,35,0.10606060606060606,330
58.5,35,0.10606060606060606,330
59.0,37,0.11212121212121212,330
59.5,37,0.11212121212121212,330
60.0,40,0.12121212121212122,330
60.5,40,0.12121212121212122,330
61.0,40,0.12121212121212122,330
61.5,40,0.12121212121212122,330
62.0,45,0.13636363636363635,330
62.5,45,0.13636363636363635,330
63.0,49,0.1484848484848485,330
63.5,49,0.1484848484848485,330
64.0,54,0.16363636363636364,330
64.5,54,0.16363636363636364,330
65.0,58,0.17575757575757575,330
65.5,58,0.17575757575757575,330
66.0,64,0.19393939393939394,330
66.5,64,0.19393939393939394,330
67.0,68,0.20606060606060606,330
67.5,68,0.20606060606060606,330
68.0,69,0.20909090909090908,330
68.5,69,0.20909090909090908,330
69.0,71,0.21515151515151515,330
69.5,71,0.21515151515151515,330
70.0,72,0.21818181818181817,330
70.5,72,0.21818181818181817,330
71.0,75,0.22727272727272727,330
71.5,75,0.22727272727272727,330
72.0,78,0.23636363636363636,330
72.5,78,0.23636363636363636,330
73.0,84,0.2545454545454545,330
73.5,84,0.2545454545454545,330
74.0,91,0.27575757575757576,330
74.5,91,0.27575757575757576,330
75.0,97,0.29393939393939394,330
75.5,97,0.29393939393939394,330
76.0,114,0.34545454545454546,330
76.5,114,0.34545454545454546,330
77.0,144,0.43636363636363634,330
77.5,144,0.43636363636363634,330
78.0,199,0.603030303030303,330
78.5,199,0.603030303030303,330
79.0,245,0.7424242424242424,330
79.5,245,0.7424242424242424,330
80.0,260,0.7878787878787878,330
80.5,260,0.7878787878787878,330
81.0,265,0.803030303030303,330
81.5,265,0.803030303030303,330
82.0,266,0.806060606060606,330
82.5,266,0.806060606060606,330
83.0,266,0.806060606060606,330
83.5,266,0.806060606060606,330
84.0,266,0.806060606060606,330
84.5,266,0.806060606060606,330
85.0,267,0.8090909090909091,330
85.5,267,0.8090909090909091,330
86.0,268,0.8121212121212121,330
86.5,268,0.8121212121212121,330
87.0,269,0.8151515151515152,330
87.5,269,0.8151515151515152,330
88.0,271,0.8212121212121212,330
88.5,271,0.8212121212121212,330
89.0,271,0.8212121212121212,330
89.5,271,0.8212121212121212,330
90.0,271,0.8212121212121212,330
90.5,271,0.8212121212121212,330
91.0,271,0.8212121212121212,330
91.5,271,0.8212121212121212,330
92.0,272,0.8242424242424242,330
92.5,272,0.8242424242424242,330
93.0,272,0.8242424242424242,330
93.5,272,0.8242424242424242,330
94.0,272,0.8242424242424242,330
94.5,272,0.8242424242424242,330
95.0,272,0.8242424242424242,330
95.5,272,0.8242424242424242,330
96.0,272,0.8242424242424242,330
96.5,272,0.8242424242424242,330
97.0,273,0.8272727272727273,330
97.5,273,0.8272727272727273,330
98.0,275,0.8333333333333334,330
98.5,275,0.8333333333333334,330
99.0,277,0.8393939393939394,330
99.5,277,0.8393939393939394,330
100.0,277,0.8393939393939394,330
100.5,277,0.8393939393939394,330
101.0,280,0.8484848484848485,330
101.5,280,0.8484848484848485,330
102.0,282,0.8545454545454545,330
102.5,282,0.8545454545454545,330
103.0,282,0.8545454545454545,330
103.5,282,0.8545454545454545,330
104.0,282,0.8545454545454545,330
104.5,282,0.8545454545454545,330
105.0,282,0.8545454545454545,330
105.5,282,0.8545454545454545,330
106.0,282,0.8545454545454545,330
106.5,282,0.8545454545454545,330
107.0,282,0.8545454545454545,330
107.5,282,0.8545454545454545,330
108.0,282,0.8545454545454545,330
108.5,282,0.8545454545454545,330
109.0,282,0.8545454545454545,330
109.5,282,0.8545454545454545,330
110.0,282,0.8545454545454545,330
110.5,282,0.8545454545454545,330
111.0,282,0.8545454545454545,330
111.5,282,0.8545454545454545,330
112.0,282,0.8545454545454545,330
112.5,282,0.8545454545454545,330
113.0,282,0.8545454545454545,330
113.5,282,0.8545454545454545,330
114.0,282,0.8545454545454545,330
114.5,282,0.8545454545454545,330
115.0,282,0.8545454545454545,330
115.5,282,0.8545454545454545,330
116.0,282,0.8545454545454545,330
116.5,282,0.8545454545454545,330
117.0,282,0.8545454545454545,330
117.5,282,0.8545454545454545,330
118.0,282,0.8545454545454545,330
118.5,282,0.8545454545454545,330
119.0,282,0.8545454545454545,330
119.5,282,0.8545454545454545,330
120.0,282,0.8545454545454545,330
120.5,282,0.8545454545454545,330
121.0,284,0.8606060606060606,330
121.5,284,0.8606060606060606,330
122.0,284,0.8606060606060606,330
122.5,284,0.8606060606060606,330
123.0,284,0.8606060606060606,330
123.5,284,0.8606060606060606,330
124.0,285,0.8636363636363636,330
124.5,285,0.8636363636363636,330
125.0,285,0.8636363636363636,330
125.5,285,0.8636363636363636,330
126.0,285,0.8636363636363636,330
126.5,285,0.8636363636363636,330
127.0,285,0.8636363636363636,330
127.5,285,0.8636363636363636,330
128.0,285,0.8636363636363636,330
128.5,285,0.8636363636363636,330
129.0,286,0.8666666666666667,330
129.5,286,0.8666666666666667,330
130.0,286,0.8666666666666667,330
130.5,286,0.8666666666666667,330
131.0,286,0.8666666666666667,330
131.5,286,0.8666666666666667,330
132.0,286,0.8666666666666667,330
132.5,286,0.8666666666666667,330
133.0,286,0.8666666666666667,330
133.5,286,0.8666666666666667,330
134.0,286,0.8666666666666667,330
134.5,286,0.8666666666666667,330
135.0,286,0.8666666666666667,330
135.5,286,0.8666666666666667,330
136.0,286,0.8666666666666667,330
136.5,286,0.8666666666666667,330
137.0,286,0.8666666666666667,330
137.5,286,0.8666666666666667,330
138.0,286,0.8666666666666667,330
138.5,286,0.8666666666666667,330
139.0,286,0.8666666666666667,330
139.5,286,0.8666666666666667,330
140.0,286,0.8666666666666667,330
140.5,286,0.8666666666666667,330
141.0,286,0.8666666666666667,330
141.5,286,0.8666666666666667,330
142.0,286,0.8666666666666667,330
142.5,286,0.8666666666666667,330
143.0,286,0.8666666666666667,330
143.5,286,0.8666666666666667,330
144.0,286,0.8666666666666667,330
144.5,286,0.8666666666666667,330
145.0,286,0.8666666666666667,330
145.5,286,0.8666666666666667,330
146.0,286,0.8666666666666667,330
146.5,286,0.8666666666666667,330
147.0,286,0.8666666666666667,330
147.5,286,0.8666666666666667,330
148.0,286,0.8666666666666667,330
148.5,286,0.8666666666666667,330
149.0,286,0.8666666666666667,330
149.5,286,0.8666666666666667,330
150.0,286,0.8666666666666667,330
150.5,286,0.8666666666666667,330
151.0,286,0.8666666666666667,330
151.5,286,0.8666666666666667,330
152.0,286,0.8666666666666667,330
152.5,286,0.8666666666666667,330
153.0,286,0.8666666666666667,330
153.5,286,0.8666666666666667,330
154.0,286,0.8666666666666667,330
154.5,286,0.8666666666666667,330
155.0,286,0.8666666666666667,330
155.5,286,0.8666666666666667,330
156.0,286,0.8666666666666667,330
156.5,286,0.8666666666666667,330
157.0,286,0.8666666666666667,330
157.5,286,0.8666666666666667,330
158.0,286,0.8666666666666667,330
158.5,286,0.8666666666666667,330
159.0,286,0.8666666666666667,330
159.5,286,0.8666666666666667,330
160.0,286,0.8666666666666667,330
160.5,286,0.8666666666666667,330
161.0,286,0.8666666666666667,330
161.5,286,0.8666666666666667,330
162.0,286,0.8666666666666667,330
162.5,286,0.8666666666666667,330
163.0,286,0.8666666666666667,330
163.5,286,0.8666666666666667,330
164.0,286,0.8666666666666667,330
164.5,286,0.8666666666666667,330
165.0,286,0.8666666666666667,330
165.5,286,0.8666666666666667,330
166.0,286,0.8666666666666667,330
166.5,286,0.8666666666666667,330
167.0,286,0.8666666666666667,330
167.5,286,0.8666666666666667,330
168.0,286,0.8666666666666667,330
168.5,286,0.8666666666666667,330
169.0,286,0.8666666666666667,330
169.5,286,0.8666666666666667,330
170.0,286,0.8666666666666667,330
170.5,286,0.8666666666666667,330
171.0,286,0.8666666666666667,330
171.5,286,0.8666666666666667,330
172.0,286,0.8666666666666667,330
172.5,286,0.8666666666666667,330
173.0,286,0.8666666666666667,330
173.5,286,0.8666666666666667,330
174.0,286,0.8666666666666667,330
174.5,286,0.8666666666666667,330
175.0,286,0.8666666666666667,330
175.5,286,0.8666666666666667,330
176.0,286,0.8666666666666667,330
176.5,286,0.8666666666666667,330
177.0,286,0.8666666666666667,330
177.5,286,0.8666666666666667,330
178.0,286,0.8666666666666667,330
178.5,286,0.8666666666666667,330
179.0,286,0.8666666666666667,330
179.5,286,0.8666666666666667,330
180.0,286,0.8666666666666667,330
180.5,286,0.8666666666666667,330
181.0,286,0.8666666666666667,330
181.5,286,0.8666666666666667,330
182.0,286,0.8666666666666667,330
182.5,286,0.8666666666666667,330
183.0,286,0.8666666666666667,330
183.5,286,0.8666666666666667,330
184.0,286,0.8666666666666667,330
184.5,286,0.8666666666666667,330
185.0,286,0.8666666666666667,330
185.5,286,0.8666666666666667,330
186.0,286,0.8666666666666667,330
186.5,286,0.8666666666666667,330
187.0,286,0.8666666666666667,330
187.5,286,0.8666666666666667,330
188.0,286,0.8666666666666667,330
188.5,286,0.8666666666666667,330
189.0,286,0.8666666666666667,330
189.5,286,0.8666666666666667,330
190.0,286,0.8666666666666667,330
190.5,286,0.8666666666666667,330
191.0,286,0.8666666666666667,330
191.5,286,0.8666666666666667,330
192.0,286,0.8666666666666667,330
192.5,286,0.8666666666666667,330
193.0,286,0.8666666666666667,330
193.5,286,0.8666666666666667,330
194.0,286,0.8666666666666667,330
194.5,286,0.8666666666666667,330
195.0,286,0.8666666666666667,330
195.5,286,0.8666666666666667,330
196.0,286,0.8666666666666667,330
196.5,286,0.8666666666666667,330
197.0,286,0.8666666666666667,330
197.5,286,0.8666666666666667,330
198.0,286,0.8666666666666667,330
198.5,286,0.8666666666666667,330
199.0,286,0.8666666666666667,330
199.5,286,0.8666666666666667,330
200.0,286,0.8666666666666667,330
200.5,286,0.8666666666666667,330
201.0,286,0.8666666666666667,330
201.5,286,0.8666666666666667,330
202.0,286,0.8666666666666667,330
202.5,286,0.8666666666666667,330
203.0,286,0.8666666666666667,330
203.5,286,0.8666666666666667,330
204.0,286,0.8666666666666667,330
204.5,286,0.8666666666666667,330
205.0,286,0.8666666666666667,330
205.5,286,0.8666666666666667,330
206.0,286,0.8666666666666667,330
206.5,286,0.8666666666666667,330
207.0,286,0.8666666666666667,330
207.5,286,0.8666666666666667,330
208.0,286,0.8666666666666667,330
208.5,286,0.8666666666666667,330
209.0,286,0.8666666666666667,330
209.5,286,0.8666666666666667,330
210.0,286,0.8666666666666667,330
210.5,286,0.8666666666666667,330
211.0,286,0.8666666666666667,330
211.5,286,0.8666666666666667,330
212.0,287,0.8696969696969697,330
212.5,287,0.8696969696969697,330
213.0,287,0.8696969696969697,330
213.5,287,0.8696969696969697,330
214.0,287,0.8696969696969697,330
214.5,287,0.8696969696969697,330
215.0,287,0.8696969696969697,330
215.5,287,0.8696969696969697,330
216.0,287,0.8696969696969697,330
216.5,287,0.8696969696969697,330
217.0,287,0.8696969696969697,330
217.5,287,0.8696969696969697,330
218.0,287,0.8696969696969697,330
218.5,287,0.8696969696969697,330
219.0,287,0.8696969696969697,330
219.5,287,0.8696969696969697,330
220.0,287,0.8696969696969697,330
220.5,287,0.8696969696969697,330
221.0,287,0.8696969696969697,330
221.5,287,0.8696969696969697,330
222.0,287,0.8696969696969697,330
222.5,287,0.8696969696969697,330
223.0,287,0.8696969696969697,330
223.5,287,0.8696969696969697,330
224.0,287,0.8696969696969697,330
224.5,287,0.8696969696969697,330
225.0,288,0.8727272727272727,330
225.5,288,0.8727272727272727,330
226.0,288,0.8727272727272727,330
226.5,288,0.8727272727272727,330
227.0,288,0.8727272727272727,330
227.5,288,0.8727272727272727,330
228.0,288,0.8727272727272727,330
228.5,288,0.8727272727272727,330
229.0,288,0.8727272727272727,330
229.5,288,0.8727272727272727,330
230.0,288,0.8727272727272727,330
230.5,288,0.8727272727272727,330
231.0,288,0.8727272727272727,330
231.5,288,0.8727272727272727,330
232.0,288,0.8727272727272727,330
232.5,288,0.8727272727272727,330
233.0,288,0.8727272727272727,330
233.5,288,0.8727272727272727,330
234.0,288,0.8727272727272727,330
234.5,288,0.8727272727272727,330
235.0,288,0.8727272727272727,330
235.5,288,0.8727272727272727,330
236.0,288,0.8727272727272727,330
236.5,288,0.8727272727272727,330
237.0,288,0.8727272727272727,330
237.5,288,0.8727272727272727,330
238.0,288,0.8727272727272727,330
238.5,288,0.8727272727272727,330
239.0,288,0.8727272727272727,330
239.5,288,0.8727272727272727,330
240.0,288,0.8727272727272727,330
240.5,288,0.8727272727272727,330
241.0,288,0.8727272727272727,330
241.5,288,0.8727272727272727,330
242.0,288,0.8727272727272727,330
242.5,288,0.8727272727272727,330
243.0,288,0.8727272727272727,330
243.5,288,0.8727272727272727,330
244.0,288,0.8727272727272727,330
244.5,288,0.8727272727272727,330
245.0,290,0.8787878787878788,330
245.5,290,0.8787878787878788,330
246.0,291,0.8818181818181818,330
246.5,291,0.8818181818181818,330
247.0,291,0.8818181818181818,330
247.5,291,0.8818181818181818,330
248.0,291,0.8818181818181818,330
248.5,291,0.8818181818181818,330
249.0,291,0.8818181818181818,330
249.5,291,0.8818181818181818,330
250.0,291,0.8818181818181818,330
250.5,291,0.8818181818181818,330
251.0,291,0.8818181818181818,330
251.5,291,0.8818181818181818,330
252.0,291,0.8818181818181818,330
252.5,291,0.8818181818181818,330
253.0,291,0.8818181818181818,330
253.5,291,0.8818181818181818,330
254.0,291,0.8818181818181818,330
254.5,291,0.8818181818181818,330
255.0,291,0.8818181818181818,330
255.5,291,0.8818181818181818,330
256.0,291,0.8818181818181818,330
256.5,291,0.8818181818181818,330
257.0,291,0.8818181818181818,330
257.5,291,0.8818181818181818,330
258.0,291,0.8818181818181818,330
258.5,291,0.8818181818181818,330
259.0,291,0.8818181818181818,330
259.5,291,0.8818181818181818,330
260.0,291,0.8818181818181818,330
260.5,291,0.8818181818181818,330
261.0,291,0.8818181818181818,330
261.5,291,0.8818181818181818,330
262.0,291,0.8818181818181818,330
262.5,291,0.8818181818181818,330
263.0,291,0.8818181818181818,330
263.5,291,0.8818181818181818,330
264.0,291,0.8818181818181818,330
264.5,291,0.8818181818181818,330
265.0,291,0.8818181818181818,330
265.5,291,0.8818181818181818,330
266.0,291,0.8818181818181818,330
266.5,291,0.8818181818181818,330
267.0,291,0.8818181818181818,330
267.5,291,0.8818181818181818,330
268.0,292,0.8848484848484849,330
