respondent_id,departure_datetime,first_warning_datetime,warning_to_departure_hours,departure_before_reported_warning
R_1ONbIcggV8zwUoM,2018-07-25 18:00:00,2018-07-25 17:00:00,1.0,0
R_2dijKE0xz3845Zt,2018-07-26 18:00:00,2018-07-26 18:00:00,0.0,0
R_NXswprt3ABo6TGF,2018-07-26 20:00:00,2018-07-26 10:00:00,10.0,0
R_2a9JCIdTQfDL1MR,2018-07-26 20:00:00,2018-07-26 19:00:00,1.0,0
R_3FKyTVs33fuwcNq,2018-07-23 15:00:00,2018-07-24 16:00:00,-25.0,1
R_1pEGWLYuYWMhtz0,2018-07-26 19:00:00,2018-07-26 19:00:00,0.0,0
R_1H0sz1KvaMvAZL8,2018-07-26 19:00:00,2018-07-26 18:00:00,1.0,0
R_vNWWgd9H4JIAHSx,2018-07-26 19:00:00,2018-07-26 20:00:00,-1.0,1
R_2qpyWkzjJ8enE89,2018-07-27 03:00:00,2018-07-26 03:00:00,24.0,0
R_33j1EKquw7XFWD2,2018-07-26 19:00:00,2018-07-26 20:00:00,-1.0,1
R_3qloTHs0R33sGTd,2018-07-26 18:00:00,2018-07-26 18:00:00,0.0,0
R_1JRdtfxPwGIo0la,2018-07-26 19:00:00,2018-07-26 17:00:00,2.0,0
R_2QuQbruxcLUnjLW,2018-07-26 17:00:00,2018-07-26 17:00:00,0.0,0
R_3FW3v9ZgErTopge,2018-07-26 21:00:00,2018-07-26 18:00:00,3.0,0
R_sXWyVMVguhWJ07n,2018-07-26 19:00:00,2018-07-26 18:00:00,1.0,0
R_3st46g4iXF14Kgn,2018-07-26 12:00:00,2018-07-26 12:00:00,0.0,0
R_2rjUVkaye8cloMz,2018-07-27 02:00:00,2018-07-27 00:00:00,2.0,0
R_09zsYpD3O4vGHU5,2018-07-27 18:00:00,2018-07-26 20:00:00,22.0,0
R_tQZaMCsFQuKnoS5,2018-07-26 19:00:00,2018-07-26 14:00:00,5.0,0
R_Rt4UkChK1fu1yUh,2018-07-24 22:00:00,2018-07-24 14:00:00,8.0,0
R_3EKJx4332HgEQke,2018-07-25 22:00:00,2018-07-25 18:00:00,4.0,0
R_2pYmltjrPDF4Oyo,2018-07-26 18:00:00,2018-07-26 16:00:00,2.0,0
R_1mt3mwQWrG0ZRPe,2018-07-26 20:00:00,2018-07-26 14:00:00,6.0,0
R_3JIfVF2MFc43RsC,2018-07-26 19:00:00,2018-07-26 19:00:00,0.0,0
R_24IZCMWR7sJPj0c,2018-08-01 22:00:00,2018-08-01 22:00:00,0.0,0
R_10P37NkWBuoVmFk,2018-07-26 18:00:00,2018-07-26 13:00:00,5.0,0
R_1ilAooY68U7zfRf,2018-07-26 20:00:00,2018-07-26 19:00:00,1.0,0
R_31tlMelySZbPldU,2018-07-26 10:00:00,2018-07-26 09:00:00,1.0,0
R_um6sMVHUxLMUoP7,2018-07-26 21:00:00,2018-07-26 20:00:00,1.0,0
R_1rGRMZ7RuQpMaZI,2018-07-26 17:00:00,2018-07-26 12:00:00,5.0,0
R_YSSOIgeSYTO9hlf,2018-07-26 07:00:00,2018-07-26 07:00:00,0.0,0
R_9S6ztzG8yKMYSaZ,2018-07-26 20:00:00,2018-07-27 03:00:00,-7.0,1
R_CmgKBFfsQCEmnAZ,2018-07-26 18:00:00,2018-07-26 18:00:00,0.0,0
R_2dRPwA8OCkWQmCm,2018-07-26 20:00:00,2018-07-26 10:00:00,10.0,0
R_2U3NjjoR8nYfBaB,2018-07-26 20:00:00,2018-07-26 20:00:00,0.0,0
R_1MWiN6yYWdiWTay,2018-07-26 18:00:00,2018-07-26 10:00:00,8.0,0
R_2zHlZrSD0kCbwD3,2018-07-26 20:00:00,2018-07-26 20:00:00,0.0,0
R_2pXdb1l0cvKjgNJ,2018-07-26 20:00:00,2018-07-23 17:00:00,75.0,0
R_DpXlWsnwyv4luzT,2018-07-26 21:00:00,2018-07-26 21:00:00,0.0,0
R_Zglk6HAfg4WEVl7,2018-07-26 20:00:00,2018-07-26 20:00:00,0.0,0
R_12LL2VpsMzHzICQ,2018-07-25 23:00:00,2018-07-25 23:00:00,0.0,0
R_3HnwV5f27KsGHoG,2018-07-26 18:00:00,2018-07-26 19:00:00,-1.0,1
R_2XoqU0c62xQVNCc,2018-07-25 06:00:00,2018-07-25 05:00:00,1.0,0
R_BYr1ugDfrN6lQE9,2018-07-27 05:00:00,2018-07-27 01:00:00,4.0,0
R_3EZ7EjD8bGwzWMK,2018-07-26 17:00:00,2018-07-26 06:00:00,11.0,0
R_1JFpMclEB49QpxR,2018-07-26 19:00:00,2018-07-26 18:00:00,1.0,0
R_ODVqKr6ibOSflHX,2018-07-26 18:00:00,2018-07-26 18:00:00,0.0,0
R_cNo3bDs5YdtkjoR,2018-07-26 19:00:00,2018-07-26 21:00:00,-2.0,1
R_3fDEDoGluiNCt6H,2018-07-26 03:00:00,2018-07-26 17:00:00,-14.0,1
R_2D5lfSQnyy1YeEB,2018-07-26 22:00:00,2018-07-26 21:00:00,1.0,0
R_3nqGmWuEk4XIrvm,2018-07-23 19:00:00,2018-07-23 15:00:00,4.0,0
R_3pa0cNrSIZsDzUi,2018-07-26 17:00:00,2018-07-26 17:00:00,0.0,0
R_2Xibjhz56gREt2C,2018-07-26 18:00:00,2018-07-26 18:00:00,0.0,0
R_2YnYUrSSh2G1kRC,2018-07-26 17:00:00,2018-07-26 09:00:00,8.0,0
R_23ZC7gASHcXQuWV,2018-07-24 19:00:00,2018-07-24 19:00:00,0.0,0
R_28IhQ4BV4IOz8Ek,2018-07-23 15:00:00,2018-07-23 15:00:00,0.0,0
R_1cRF2mzMCGAgHbY,2018-07-26 19:00:00,2018-07-26 21:00:00,-2.0,1
R_Ad2hALDZgGD5izn,2018-07-26 20:00:00,2018-07-26 11:00:00,9.0,0
R_3M5aoF5y5reSTS5,2018-07-26 00:00:00,2018-07-26 00:00:00,0.0,0
R_337sejlw9FwE7Um,2018-07-25 03:00:00,2018-07-25 03:00:00,0.0,0
R_1gk0J6bCTSRYVqr,2018-07-26 13:00:00,2018-07-26 05:00:00,8.0,0
R_UmQpCqQnYRNFJ05,2018-07-26 17:00:00,2018-07-26 10:00:00,7.0,0
R_1f2uzCcbJhRUd18,2018-07-26 19:00:00,2018-07-26 09:00:00,10.0,0
R_3HYQaAwgSDH6m09,2018-07-26 20:00:00,2018-07-26 20:00:00,0.0,0
R_214fs53Eyx2IUZu,2018-07-26 20:00:00,2018-07-26 19:00:00,1.0,0
R_2y2WmToHHc2FwBw,2018-07-26 17:00:00,2018-07-26 10:00:00,7.0,0
R_1rfFkFz5MfOfX7v,2018-07-26 18:00:00,2018-07-26 18:00:00,0.0,0
R_8v5eE8XXDFsn58R,2018-07-26 03:00:00,2018-07-25 23:00:00,4.0,0
R_RCCMj38apO147KN,2018-07-26 23:00:00,2018-07-26 22:00:00,1.0,0
R_29lXYUJxqAqRFHs,2018-07-26 21:00:00,2018-07-26 21:00:00,0.0,0
R_2VEJppQG79sMcn0,2018-07-26 00:00:00,2018-07-26 23:00:00,-23.0,1
R_qwFc5AgdT4ipeBr,2018-07-26 22:00:00,2018-07-26 19:00:00,3.0,0
R_3GlHfAkhjWTAi5L,2018-07-26 20:00:00,2018-07-26 20:00:00,0.0,0
R_2CmmXwza9stVWYV,2018-07-26 07:00:00,2018-07-26 06:00:00,1.0,0
R_1FkZ31bGxeQQEii,2018-08-03 17:00:00,2018-08-03 16:00:00,1.0,0
R_2WYlEYmRQregQIS,2018-07-26 15:00:00,2018-07-26 14:00:00,1.0,0
R_2BlH45jgHLZXTkT,2018-07-26 21:00:00,2018-07-26 21:00:00,0.0,0
R_1q55qZwsAdoUrlO,2018-07-26 04:00:00,2018-07-25 02:00:00,26.0,0
R_2CNAOuStkIzk9Gl,2018-07-26 16:00:00,2018-07-26 16:00:00,0.0,0
R_2TYtQbelHiyzHJg,2018-07-25 20:00:00,2018-07-25 20:00:00,0.0,0
R_3gLQyED9bHCPCuu,2018-07-26 19:00:00,2018-07-26 19:00:00,0.0,0
R_1gwhe8S1weMTT5S,2018-07-26 19:00:00,2018-07-26 19:00:00,0.0,0
R_2CVcvS2SQ2pWxWe,2018-07-26 20:00:00,2018-07-26 19:00:00,1.0,0
R_pxtbmEy2KwLtXEZ,2018-07-26 21:00:00,2018-07-26 23:00:00,-2.0,1
R_3dN726s4FYkFFQO,2018-07-25 19:00:00,2018-07-25 16:00:00,3.0,0
R_bskEB2wjCxDkVMJ,2018-07-26 15:00:00,2018-07-26 15:00:00,0.0,0
R_bBDyRWRyvF9mZ3P,2018-07-25 16:00:00,2018-07-25 17:00:00,-1.0,1
R_3PsPxOh6LLsy9kL,2018-07-26 14:00:00,2018-07-26 02:00:00,12.0,0
R_AEQ7Q3W046FhPGx,2018-07-26 20:00:00,2018-07-26 09:00:00,11.0,0
R_2dtgUICtG6oFXwj,2018-07-28 22:00:00,2018-07-26 17:00:00,53.0,0
R_1pN0qThCYAndA7y,2018-07-26 20:00:00,2018-07-26 20:00:00,0.0,0
R_8HQ7KhyboIEP0it,2018-07-23 14:00:00,2018-07-23 14:00:00,0.0,0
R_3O0mWfYcYYFnIDf,2018-07-26 20:00:00,2018-07-26 16:00:00,4.0,0
R_2ZKYblwPzbWxcrl,2018-07-26 22:00:00,2018-07-26 22:00:00,0.0,0
R_2rbK13SZ4sOS7EB,2018-07-27 16:00:00,2018-07-27 16:00:00,0.0,0
R_3eb13nVdpG4Rd4Z,2018-07-26 18:00:00,2018-07-26 18:00:00,0.0,0
R_2ALwsMFo7M9vEdg,2018-07-26 21:00:00,2018-07-26 01:00:00,20.0,0
R_2zI7G295G3yIduc,2018-07-25 21:00:00,2018-07-25 03:00:00,18.0,0
R_3kAhg3BZbZZQnbv,2018-07-26 11:00:00,2018-07-26 11:00:00,0.0,0
R_3hilKMtLHbR1mi8,2018-07-25 20:00:00,2018-07-25 01:00:00,19.0,0
R_WBDuuV9HUcTsAy5,2018-07-26 17:00:00,2018-07-26 17:00:00,0.0,0
R_1Ld6h6OWH6Xr9Bb,2018-07-26 03:00:00,2018-07-26 02:00:00,1.0,0
R_AvpNaOUTASQRFXr,2018-07-26 18:00:00,2018-07-26 21:00:00,-3.0,1
R_ab2s6og5UTD31Xr,2018-07-26 20:00:00,2018-07-26 15:00:00,5.0,0
R_271ApfZ9RaGvajr,2018-07-26 17:00:00,2018-07-26 17:00:00,0.0,0
R_tDSV6UjUq4vBPs5,2018-07-26 19:00:00,2018-07-26 20:00:00,-1.0,1
R_3EzEyGcDxUVCdP5,2018-07-26 06:00:00,2018-07-26 03:00:00,3.0,0
R_siL7zQHlAXuK9Ut,2018-07-26 17:00:00,2018-07-26 16:00:00,1.0,0
R_AmtiP2Wlk81GXdf,2018-07-26 19:00:00,2018-07-26 09:00:00,10.0,0
R_1JCQqPhAyLucLVx,2018-07-26 20:00:00,2018-07-26 19:00:00,1.0,0
R_2QfF1XV9GxlBVgo,2018-07-26 04:00:00,2018-07-26 16:00:00,-12.0,1
R_2CDOL017In2GE0L,2018-07-26 12:00:00,2018-07-26 11:00:00,1.0,0
R_1qVvdoyKJO3PVN6,2018-07-26 19:00:00,2018-07-26 19:00:00,0.0,0
R_vJ0PdeZvWd84FsR,2018-07-26 20:00:00,2018-07-26 20:00:00,0.0,0
R_3kMOJiJEAwzErMG,2018-07-26 19:00:00,2018-07-26 19:00:00,0.0,0
R_REvvNELPTbOhvyN,2018-07-26 20:00:00,2018-07-26 20:00:00,0.0,0
R_2VayyHcyRL6NR8G,2018-07-26 01:00:00,2018-07-26 01:00:00,0.0,0
R_1i9d7sblHWr4idw,2018-07-26 20:00:00,2018-07-26 08:00:00,12.0,0
R_Us8bQo8VUUZJXvb,2018-07-26 17:00:00,2018-07-26 17:00:00,0.0,0
R_eFqygZWq3tVf58B,2018-07-26 19:00:00,2018-07-26 19:00:00,0.0,0
R_32Jdf3pbaK5npi2,2018-07-26 19:00:00,2018-07-26 18:00:00,1.0,0
R_3K8O4GRGh0Zf2bn,2018-07-26 17:00:00,2018-07-26 18:00:00,-1.0,1
R_XXJfPxYVpSLfzKV,2018-07-27 18:00:00,2018-07-26 18:00:00,24.0,0
R_6ulxI9zrzAFBOa5,2018-07-26 15:00:00,2018-07-26 10:00:00,5.0,0
R_cAuJZJ7D0UCl74l,2018-07-26 19:00:00,2018-07-26 00:00:00,19.0,0
R_2xOXUhHn76pofW2,2018-08-01 09:00:00,2018-07-26 17:00:00,136.0,0
R_3shMMIMVMkg7QqO,2018-07-26 06:00:00,2018-07-26 06:00:00,0.0,0
R_2zciyIgNKiOnjlN,2018-07-26 18:00:00,2018-07-26 18:00:00,0.0,0
R_WdML0kgP9mU0xyx,2018-07-26 15:00:00,2018-07-26 15:00:00,0.0,0
R_2R7XCdry009sMs7,2018-07-26 20:00:00,2018-07-26 19:00:00,1.0,0
R_28BNLdRHyLhYtb3,2018-07-25 05:00:00,2018-07-26 23:00:00,-42.0,1
R_UfsghwRX3r432SZ,2018-07-25 16:00:00,2018-07-25 16:00:00,0.0,0
R_tYsMDVm5fgiTSIV,2018-07-26 12:00:00,2018-07-25 21:00:00,15.0,0
R_30jVEw1KXT9QvAX,2018-07-26 14:00:00,2018-07-26 13:00:00,1.0,0
R_RCU8zvfBinzZjjj,2018-07-26 20:00:00,2018-07-26 20:00:00,0.0,0
R_1OB7z6DHo9mVadi,2018-07-27 19:00:00,2018-07-27 18:00:00,1.0,0
R_9RyDuMAkXshs5R7,2018-07-28 14:00:00,2018-07-27 17:00:00,21.0,0
R_2TZZDWGdQMGwQwY,2018-07-26 18:00:00,2018-07-26 17:00:00,1.0,0
R_1otAkCBHetuuXgH,2018-07-26 18:00:00,2018-07-26 17:00:00,1.0,0
R_3HCCalm3gEyP2CR,2018-07-25 09:00:00,2018-07-25 09:00:00,0.0,0
R_30iQRpdEX68gtRD,2018-07-26 17:00:00,2018-07-26 17:00:00,0.0,0
R_3QVkCBRUGwSmsj5,2018-07-26 20:00:00,2018-07-26 19:00:00,1.0,0
R_2v199wHM2R6DnFT,2018-07-26 13:00:00,2018-07-26 09:00:00,4.0,0
R_vGe2GVjTs8dQ7Dz,2018-07-26 19:00:00,2018-07-26 20:00:00,-1.0,1
R_3nxDg5hZ8MeOKPa,2018-07-26 16:00:00,2018-07-26 16:00:00,0.0,0
R_1mDEG0W5RP7YzwZ,2018-07-26 13:00:00,2018-07-26 13:00:00,0.0,0
R_1pKIZ8mRKHQvFJf,2018-07-26 17:00:00,2018-07-26 16:00:00,1.0,0
R_ZsmiajEQ5hrSUdX,2018-07-26 18:00:00,2018-07-26 18:00:00,0.0,0
R_eXQdWD2FDPrrjdT,2018-07-26 05:00:00,2018-07-26 16:00:00,-11.0,1
R_sL2hnT1TtO8vHb3,2018-07-26 20:00:00,2018-07-26 20:00:00,0.0,0
R_3KxOQZ96OxoTUnF,2018-07-26 19:00:00,2018-07-26 18:00:00,1.0,0
R_1pSFPiR6JoGUx1r,2018-07-26 19:00:00,2018-07-26 21:00:00,-2.0,1
R_2WUWnxZONDutLyN,2018-07-26 18:00:00,2018-07-26 18:00:00,0.0,0
R_2CZd5z9WIaZnS2Q,2018-07-27 09:00:00,2018-07-28 04:00:00,-19.0,1
R_3lANstbO1QBPjXg,2018-07-26 18:00:00,2018-07-26 18:00:00,0.0,0
R_1eLQJD5ub8SF5PP,2018-07-25 15:00:00,2018-07-25 15:00:00,0.0,0
R_exqr34JSEOs4w6d,2018-07-26 08:00:00,2018-07-26 07:00:00,1.0,0
R_3pu85WHYLjjFz0F,2018-08-02 18:00:00,2018-07-26 17:00:00,169.0,0
R_2XhAkpiA0FoatUY,2018-07-25 22:00:00,2018-07-25 08:00:00,14.0,0
R_21yOfQRmq4xw9qX,2018-07-25 03:00:00,2018-07-25 03:00:00,0.0,0
R_25LsOTTOPmYycqA,2018-07-26 19:00:00,2018-07-26 19:00:00,0.0,0
R_3MKfCzbOQ1iyRVV,2018-07-26 19:00:00,2018-07-26 22:00:00,-3.0,1
R_0v1xWjucAtCjVKN,2018-07-26 08:00:00,2018-07-24 15:00:00,41.0,0
R_1etvCdiPjQrlQUU,2018-07-27 16:00:00,2018-07-26 13:00:00,27.0,0
R_2uWZV7qqo7vE11R,2018-07-26 07:00:00,2018-07-26 02:00:00,5.0,0
R_2wMsz7LG0sfbeH1,2018-07-26 19:00:00,2018-07-26 19:00:00,0.0,0
R_1QopVLxXcn3Fdx1,2018-07-26 07:00:00,2018-07-26 08:00:00,-1.0,1
R_2Ucl4NR6R5EYL3K,2018-07-26 22:00:00,2018-07-26 22:00:00,0.0,0
R_1gIbwlHOvWWsME3,2018-07-26 19:00:00,2018-07-26 19:00:00,0.0,0
R_1C2xQhR9lkkVgrV,2018-07-25 22:00:00,2018-07-25 22:00:00,0.0,0
R_3lzBVq5x5lm5fDN,2018-07-26 04:00:00,2018-07-26 01:00:00,3.0,0
R_31Eq23qzGzTPZCH,2018-07-27 15:00:00,2018-07-27 14:00:00,1.0,0
R_3PhsHifszhMqdyw,2018-08-02 19:00:00,2018-07-26 19:00:00,168.0,0
R_cH1pGcFux3vHjQ5,2018-07-26 18:00:00,2018-07-26 18:00:00,0.0,0
R_30uyCXoIyMbAqzY,2018-07-26 16:00:00,2018-07-26 16:00:00,0.0,0
R_6u0ZuPXGMhU9Cb7,2018-07-25 17:00:00,2018-07-29 10:00:00,-89.0,1
R_w1632nNrJHbQwXD,2018-07-26 19:00:00,2018-07-26 20:00:00,-1.0,1
R_1DDdVb64RbjHNwZ,2018-07-26 18:00:00,2018-07-26 19:00:00,-1.0,1
R_ZxSRR2YQow2gsCt,2018-07-26 19:00:00,2018-07-26 20:00:00,-1.0,1
R_1g2cNLuGJhss2SH,2018-07-26 09:00:00,2018-07-26 02:00:00,7.0,0
R_3CBi05IQjvKlg5k,2018-07-26 22:00:00,2018-07-26 22:00:00,0.0,0
R_vU2t6wvtjDVGmGZ,2018-07-26 07:00:00,2018-07-26 04:00:00,3.0,0
R_2sWIFN9KjNatAzn,2018-07-26 20:00:00,2018-07-26 20:00:00,0.0,0
R_31nmlH46AVJJX6z,2018-07-26 03:00:00,2018-07-26 02:00:00,1.0,0
R_scZkDal4BV3nKBr,2018-07-26 19:00:00,2018-07-26 19:00:00,0.0,0
R_1Kx7Fu1MaR7MziZ,2018-07-27 18:00:00,2018-07-27 08:00:00,10.0,0
R_2CEy2heQzqBXOsi,2018-07-27 14:00:00,2018-07-27 14:00:00,0.0,0
R_1n3GkV5TDrHe1jT,2018-07-26 21:00:00,2018-07-26 08:00:00,13.0,0
R_r9Crc0rckof2KAh,2018-07-26 20:00:00,2018-07-26 20:00:00,0.0,0
R_3kzbOLhaHG6l8nY,2018-07-26 21:00:00,2018-07-26 21:00:00,0.0,0
R_1q3sQuk6x8MBXCf,2018-07-27 19:00:00,2018-07-27 19:00:00,0.0,0
R_bmCqMDNZISMLNGF,2018-07-26 20:00:00,2018-07-26 20:00:00,0.0,0
R_2EGXnUyHI8Cg0Ku,2018-07-26 20:00:00,2018-07-26 19:00:00,1.0,0
R_3hm6uN8gAZTj0RV,2018-07-26 14:00:00,2018-07-26 14:00:00,0.0,0
R_YQ6bGfv11uiZz2x,2018-07-26 17:00:00,2018-07-26 16:00:00,1.0,0
R_xtSk2yy5JeqkCQN,2018-07-26 01:00:00,2018-07-26 03:00:00,-2.0,1
R_1NkLsF6RlYyVcTJ,2018-07-26 08:00:00,2018-07-26 08:00:00,0.0,0
R_XtXHlhcusHbZtex,2018-08-02 18:00:00,2018-08-02 13:00:00,5.0,0
R_d4KDNkk31PCfUlz,2018-07-26 08:00:00,2018-07-26 04:00:00,4.0,0
R_1OTbtuB9adxvBfd,2018-07-26 15:00:00,2018-07-26 15:00:00,0.0,0
R_12SCPa7kjKOCHj1,2018-07-26 19:00:00,2018-07-24 15:00:00,52.0,0
R_3RmbZEtozWBPsmX,2018-07-26 19:00:00,2018-07-26 17:00:00,2.0,0
R_6JQKI8orIiGFL0d,2018-07-28 14:00:00,2018-07-27 01:00:00,37.0,0
R_22EtUCjUUfYkwfU,2018-07-26 17:00:00,2018-07-26 17:00:00,0.0,0
R_2CpS2DKU7ssJpTa,2018-07-26 19:00:00,2018-07-26 19:00:00,0.0,0
R_1ovxt1FdSZ4N2Wr,2018-07-26 20:00:00,2018-07-26 23:00:00,-3.0,1
R_PU0o3El6PHPOMvv,2018-07-26 18:00:00,2018-07-26 18:00:00,0.0,0
R_1jCf8K0mpkls8wu,2018-07-26 16:00:00,2018-07-26 17:00:00,-1.0,1
R_2albY0CYNltJBWQ,2018-07-26 21:00:00,2018-07-26 22:00:00,-1.0,1
R_qInf8BfBNgRln6F,2018-07-26 05:00:00,2018-07-26 04:00:00,1.0,0
R_0vV55d31d3HXB2p,2018-07-25 16:00:00,2018-07-24 16:00:00,24.0,0
R_3NxrKyEfkUFFR5P,2018-07-26 19:00:00,2018-07-26 08:00:00,11.0,0
R_3QVHI6Rm0oN20x7,2018-07-26 14:00:00,2018-07-26 14:00:00,0.0,0
R_UPEamMPFpBg2RHj,2018-07-26 18:00:00,2018-07-26 19:00:00,-1.0,1
R_3HLY9mtkbWNTcXe,2018-07-26 20:00:00,2018-07-26 20:00:00,0.0,0
R_3HSqLLJPcrL1Kd6,2018-07-26 05:00:00,2018-07-26 02:00:00,3.0,0
R_2Sjm3hCjq6fj4Sw,2018-07-26 15:00:00,2018-07-26 15:00:00,0.0,0
R_21dFnfLps1QhAey,2018-07-26 21:00:00,2018-07-26 22:00:00,-1.0,1
R_2DTQf7Dr1mkzAXN,2018-07-24 06:00:00,2018-07-24 19:00:00,-13.0,1
R_3HOh76UfyXZ7yPp,2018-07-24 07:00:00,2018-07-24 03:00:00,4.0,0
R_247psfq3FDIrfp8,2018-07-26 19:00:00,2018-07-26 08:00:00,11.0,0
R_1GWbxr2zzYZJ42A,2018-07-25 07:00:00,2018-07-25 16:00:00,-9.0,1
R_2SxJJ6Muzd8bCIT,2018-07-26 19:00:00,2018-07-26 20:00:00,-1.0,1
R_1I581NbdI446jaV,2018-07-26 21:00:00,2018-07-26 13:00:00,8.0,0
R_6uihOyEaHrQzGpz,2018-07-26 05:00:00,2018-07-26 05:00:00,0.0,0
R_SCbV7hJB7XQN1fz,2018-07-26 06:00:00,2018-07-26 05:00:00,1.0,0
R_1NttL98GxpoVU6n,2018-07-26 20:00:00,2018-07-26 19:00:00,1.0,0
R_2E0MLwCTfKQoOqT,2018-07-26 18:00:00,2018-07-27 16:00:00,-22.0,1
R_3R9qj68xXAnxsSQ,2018-07-26 10:00:00,2018-07-24 12:00:00,46.0,0
R_2wTWoAoDMdnoXHz,2018-07-26 18:00:00,2018-07-26 06:00:00,12.0,0
