run,step,resident_id,structural_source_violations,reasons
24hh_seed7201,3,syn_t001_h0000004_r001,0,
24hh_seed7201,3,syn_t001_h0000008_r001,0,
24hh_seed7201,3,syn_t002_h0000009_r001,0,
24hh_seed7201,3,syn_t002_h0000011_r001,0,
24hh_seed7201,3,syn_t002_h0000012_r001,0,
24hh_seed7201,4,syn_t001_h0000004_r001,0,
24hh_seed7201,4,syn_t002_h0000009_r001,0,
24hh_seed7201,4,syn_t002_h0000011_r001,0,
24hh_seed7201,4,syn_t002_h0000012_r001,0,
24hh_seed7201,5,syn_t001_h0000004_r001,0,
24hh_seed7201,5,syn_t002_h0000009_r001,0,
24hh_seed7201,5,syn_t002_h0000011_r001,0,
24hh_seed7201,5,syn_t002_h0000012_r001,0,
24hh_seed7201,6,syn_t001_h0000004_r001,0,
24hh_seed7201,6,syn_t002_h0000009_r001,0,
24hh_seed7201,6,syn_t002_h0000011_r001,0,
24hh_seed7201,6,syn_t002_h0000012_r001,0,
24hh_seed7201,7,syn_t001_h0000002_r001,0,
24hh_seed7201,7,syn_t001_h0000003_r001,0,
24hh_seed7201,7,syn_t001_h0000005_r001,0,
24hh_seed7201,7,syn_t001_h0000006_r001,0,
24hh_seed7201,7,syn_t001_h0000007_r001,0,
24hh_seed7201,7,syn_t002_h0000001_r001,0,
24hh_seed7201,7,syn_t002_h0000002_r001,0,
24hh_seed7201,7,syn_t002_h0000003_r001,0,
24hh_seed7201,7,syn_t002_h0000004_r001,0,
24hh_seed7201,7,syn_t002_h0000005_r001,0,
24hh_seed7201,7,syn_t002_h0000009_r001,0,
24hh_seed7201,7,syn_t002_h0000011_r001,0,
24hh_seed7201,7,syn_t002_h0000012_r001,0,
24hh_seed7201,7,syn_t002_h0000013_r001,0,
24hh_seed7201,7,syn_t002_h0000014_r001,0,
24hh_seed7201,8,syn_t001_h0000005_r001,0,
24hh_seed7201,8,syn_t001_h0000007_r001,0,
24hh_seed7201,8,syn_t002_h0000001_r001,0,
24hh_seed7201,8,syn_t002_h0000003_r001,0,
24hh_seed7201,8,syn_t002_h0000004_r001,0,
24hh_seed7201,8,syn_t002_h0000009_r001,0,
24hh_seed7201,8,syn_t002_h0000011_r001,0,
24hh_seed7201,8,syn_t002_h0000012_r001,0,
24hh_seed7201,8,syn_t002_h0000013_r001,0,
24hh_seed7201,8,syn_t002_h0000013_r003,0,
24hh_seed7201,8,syn_t002_h0000014_r001,0,
24hh_seed7201,8,syn_t002_h0000014_r002,0,
24hh_seed7201,9,syn_t001_h0000005_r001,0,
24hh_seed7201,9,syn_t001_h0000007_r001,0,
24hh_seed7201,9,syn_t002_h0000001_r001,0,
24hh_seed7201,9,syn_t002_h0000003_r001,0,
24hh_seed7201,9,syn_t002_h0000004_r001,0,
24hh_seed7201,9,syn_t002_h0000009_r001,0,
24hh_seed7201,9,syn_t002_h0000009_r002,0,
24hh_seed7201,9,syn_t002_h0000011_r001,0,
24hh_seed7201,9,syn_t002_h0000012_r001,0,
24hh_seed7201,9,syn_t002_h0000013_r001,0,
24hh_seed7201,9,syn_t002_h0000013_r003,0,
24hh_seed7201,9,syn_t002_h0000014_r001,0,
24hh_seed7201,9,syn_t002_h0000014_r002,0,
24hh_seed7201,10,syn_t001_h0000002_r002,0,
24hh_seed7201,10,syn_t001_h0000005_r001,0,
24hh_seed7201,10,syn_t001_h0000007_r001,0,
24hh_seed7201,10,syn_t002_h0000001_r001,0,
24hh_seed7201,10,syn_t002_h0000003_r001,0,
24hh_seed7201,10,syn_t002_h0000004_r001,0,
24hh_seed7201,10,syn_t002_h0000009_r001,0,
24hh_seed7201,10,syn_t002_h0000009_r002,0,
24hh_seed7201,10,syn_t002_h0000011_r001,0,
24hh_seed7201,10,syn_t002_h0000012_r001,0,
24hh_seed7201,10,syn_t002_h0000013_r001,0,
24hh_seed7201,10,syn_t002_h0000013_r003,0,
24hh_seed7201,10,syn_t002_h0000014_r001,0,
24hh_seed7201,10,syn_t002_h0000014_r002,0,
24hh_seed7201,11,syn_t001_h0000002_r002,0,
24hh_seed7201,11,syn_t001_h0000005_r001,0,
24hh_seed7201,11,syn_t001_h0000007_r001,0,
24hh_seed7201,11,syn_t002_h0000001_r001,0,
24hh_seed7201,11,syn_t002_h0000003_r001,0,
24hh_seed7201,11,syn_t002_h0000004_r001,0,
24hh_seed7201,11,syn_t002_h0000009_r001,0,
24hh_seed7201,11,syn_t002_h0000009_r002,0,
24hh_seed7201,11,syn_t002_h0000011_r001,0,
24hh_seed7201,11,syn_t002_h0000012_r001,0,
24hh_seed7201,11,syn_t002_h0000013_r001,0,
24hh_seed7201,11,syn_t002_h0000013_r003,0,
24hh_seed7201,11,syn_t002_h0000014_r001,0,
24hh_seed7201,11,syn_t002_h0000014_r002,0,
24hh_seed7201,12,syn_t001_h0000002_r002,0,
24hh_seed7201,12,syn_t001_h0000005_r001,0,
24hh_seed7201,12,syn_t001_h0000007_r001,0,
24hh_seed7201,12,syn_t002_h0000001_r001,0,
24hh_seed7201,12,syn_t002_h0000003_r001,0,
24hh_seed7201,12,syn_t002_h0000004_r001,0,
24hh_seed7201,12,syn_t002_h0000009_r002,0,
24hh_seed7201,12,syn_t002_h0000011_r001,0,
24hh_seed7201,12,syn_t002_h0000012_r001,0,
24hh_seed7201,12,syn_t002_h0000013_r001,0,
24hh_seed7201,12,syn_t002_h0000013_r003,0,
24hh_seed7201,12,syn_t002_h0000014_r001,0,
24hh_seed7201,12,syn_t002_h0000014_r002,0,
24hh_seed7201,13,syn_t001_h0000002_r002,0,
24hh_seed7201,13,syn_t001_h0000005_r001,0,
24hh_seed7201,13,syn_t001_h0000007_r001,0,
24hh_seed7201,13,syn_t002_h0000001_r001,0,
24hh_seed7201,13,syn_t002_h0000003_r001,0,
24hh_seed7201,13,syn_t002_h0000004_r001,0,
24hh_seed7201,13,syn_t002_h0000009_r002,0,
24hh_seed7201,13,syn_t002_h0000011_r001,0,
24hh_seed7201,13,syn_t002_h0000012_r001,0,
24hh_seed7201,13,syn_t002_h0000013_r001,0,
24hh_seed7201,13,syn_t002_h0000013_r003,0,
24hh_seed7201,14,syn_t001_h0000002_r002,0,
24hh_seed7201,14,syn_t001_h0000005_r001,0,
24hh_seed7201,14,syn_t001_h0000007_r001,0,
24hh_seed7201,14,syn_t002_h0000001_r001,0,
24hh_seed7201,14,syn_t002_h0000003_r001,0,
24hh_seed7201,14,syn_t002_h0000004_r001,0,
24hh_seed7201,14,syn_t002_h0000009_r002,0,
24hh_seed7201,14,syn_t002_h0000011_r001,0,
24hh_seed7201,14,syn_t002_h0000012_r001,0,
24hh_seed7201,14,syn_t002_h0000013_r001,0,
24hh_seed7201,14,syn_t002_h0000013_r003,0,
24hh_seed7201,15,syn_t001_h0000002_r002,0,
24hh_seed7201,15,syn_t001_h0000005_r001,0,
24hh_seed7201,15,syn_t001_h0000007_r001,0,
24hh_seed7201,15,syn_t002_h0000001_r001,0,
24hh_seed7201,15,syn_t002_h0000003_r001,0,
24hh_seed7201,15,syn_t002_h0000004_r001,0,
24hh_seed7201,15,syn_t002_h0000009_r002,0,
24hh_seed7201,15,syn_t002_h0000011_r001,0,
24hh_seed7201,15,syn_t002_h0000012_r001,0,
24hh_seed7201,16,syn_t001_h0000002_r002,0,
24hh_seed7201,16,syn_t001_h0000005_r001,0,
24hh_seed7201,16,syn_t001_h0000007_r001,0,
24hh_seed7201,16,syn_t002_h0000001_r001,0,
24hh_seed7201,16,syn_t002_h0000003_r001,0,
24hh_seed7201,16,syn_t002_h0000004_r001,0,
24hh_seed7201,16,syn_t002_h0000009_r002,0,
24hh_seed7201,16,syn_t002_h0000011_r001,0,
24hh_seed7201,16,syn_t002_h0000012_r001,0,
24hh_seed7201,17,syn_t001_h0000002_r002,0,
24hh_seed7201,17,syn_t001_h0000005_r001,0,
24hh_seed7201,17,syn_t001_h0000007_r001,0,
24hh_seed7201,17,syn_t002_h0000001_r001,0,
24hh_seed7201,17,syn_t002_h0000003_r001,0,
24hh_seed7201,17,syn_t002_h0000004_r001,0,
24hh_seed7201,17,syn_t002_h0000009_r002,0,
24hh_seed7201,17,syn_t002_h0000011_r001,0,
24hh_seed7201,17,syn_t002_h0000012_r001,0,
24hh_seed7201,18,syn_t001_h0000002_r002,0,
24hh_seed7201,18,syn_t001_h0000005_r001,0,
24hh_seed7201,18,syn_t001_h0000007_r001,0,
24hh_seed7201,18,syn_t001_h0000007_r003,0,
24hh_seed7201,18,syn_t002_h0000001_r001,0,
24hh_seed7201,18,syn_t002_h0000003_r001,0,
24hh_seed7201,18,syn_t002_h0000004_r001,0,
24hh_seed7201,18,syn_t002_h0000009_r002,0,
24hh_seed7201,18,syn_t002_h0000011_r001,0,
24hh_seed7201,18,syn_t002_h0000012_r001,0,
24hh_seed7201,19,syn_t001_h0000002_r002,0,
24hh_seed7201,19,syn_t001_h0000005_r001,0,
24hh_seed7201,19,syn_t001_h0000007_r001,0,
24hh_seed7201,19,syn_t001_h0000007_r003,0,
24hh_seed7201,19,syn_t001_h0000010_r001,0,
24hh_seed7201,19,syn_t002_h0000001_r001,0,
24hh_seed7201,19,syn_t002_h0000003_r001,0,
24hh_seed7201,19,syn_t002_h0000004_r001,0,
24hh_seed7201,19,syn_t002_h0000009_r002,0,
24hh_seed7201,19,syn_t002_h0000011_r001,0,
24hh_seed7201,19,syn_t002_h0000012_r001,0,
24hh_seed7201,20,syn_t001_h0000002_r002,0,
24hh_seed7201,20,syn_t001_h0000005_r001,0,
24hh_seed7201,20,syn_t001_h0000007_r001,0,
24hh_seed7201,20,syn_t001_h0000007_r003,0,
24hh_seed7201,20,syn_t001_h0000010_r001,0,
24hh_seed7201,20,syn_t002_h0000001_r001,0,
24hh_seed7201,20,syn_t002_h0000003_r001,0,
24hh_seed7201,20,syn_t002_h0000004_r001,0,
24hh_seed7201,20,syn_t002_h0000006_r001,0,
24hh_seed7201,20,syn_t002_h0000009_r002,0,
24hh_seed7201,20,syn_t002_h0000011_r001,0,
24hh_seed7201,20,syn_t002_h0000012_r001,0,
24hh_seed7201,21,syn_t001_h0000002_r002,0,
24hh_seed7201,21,syn_t001_h0000005_r001,0,
24hh_seed7201,21,syn_t001_h0000007_r001,0,
24hh_seed7201,21,syn_t001_h0000007_r003,0,
24hh_seed7201,21,syn_t001_h0000010_r001,0,
24hh_seed7201,21,syn_t002_h0000001_r001,0,
24hh_seed7201,21,syn_t002_h0000003_r001,0,
24hh_seed7201,21,syn_t002_h0000004_r001,0,
24hh_seed7201,21,syn_t002_h0000006_r001,0,
24hh_seed7201,21,syn_t002_h0000009_r002,0,
24hh_seed7201,21,syn_t002_h0000011_r001,0,
24hh_seed7201,21,syn_t002_h0000012_r001,0,
24hh_seed7201,22,syn_t001_h0000002_r002,0,
24hh_seed7201,22,syn_t001_h0000005_r001,0,
24hh_seed7201,22,syn_t001_h0000007_r001,0,
24hh_seed7201,22,syn_t001_h0000007_r003,0,
24hh_seed7201,22,syn_t001_h0000009_r001,0,
24hh_seed7201,22,syn_t001_h0000010_r001,0,
24hh_seed7201,22,syn_t002_h0000001_r001,0,
24hh_seed7201,22,syn_t002_h0000003_r001,0,
24hh_seed7201,22,syn_t002_h0000004_r001,0,
24hh_seed7201,22,syn_t002_h0000009_r002,0,
24hh_seed7201,22,syn_t002_h0000010_r001,0,
24hh_seed7201,22,syn_t002_h0000011_r001,0,
24hh_seed7201,23,syn_t001_h0000002_r002,0,
24hh_seed7201,23,syn_t001_h0000005_r001,0,
24hh_seed7201,23,syn_t001_h0000007_r001,0,
24hh_seed7201,23,syn_t001_h0000007_r003,0,
24hh_seed7201,23,syn_t001_h0000009_r001,0,
24hh_seed7201,23,syn_t001_h0000010_r001,0,
24hh_seed7201,23,syn_t002_h0000001_r001,0,
24hh_seed7201,23,syn_t002_h0000003_r001,0,
24hh_seed7201,23,syn_t002_h0000004_r001,0,
24hh_seed7201,23,syn_t002_h0000009_r002,0,
24hh_seed7201,23,syn_t002_h0000010_r001,0,
24hh_seed7201,23,syn_t002_h0000011_r001,0,
24hh_seed7201,24,syn_t001_h0000001_r001,0,
24hh_seed7201,24,syn_t001_h0000002_r002,0,
24hh_seed7201,24,syn_t001_h0000005_r001,0,
24hh_seed7201,24,syn_t001_h0000007_r001,0,
24hh_seed7201,24,syn_t001_h0000007_r003,0,
24hh_seed7201,24,syn_t001_h0000009_r001,0,
24hh_seed7201,24,syn_t001_h0000010_r001,0,
24hh_seed7201,24,syn_t002_h0000001_r001,0,
24hh_seed7201,24,syn_t002_h0000003_r001,0,
24hh_seed7201,24,syn_t002_h0000004_r001,0,
24hh_seed7201,24,syn_t002_h0000008_r001,0,
24hh_seed7201,24,syn_t002_h0000009_r002,0,
24hh_seed7201,24,syn_t002_h0000010_r001,0,
24hh_seed7201,24,syn_t002_h0000011_r001,0,
24hh_seed7201,25,syn_t001_h0000001_r001,0,
24hh_seed7201,25,syn_t001_h0000002_r002,0,
24hh_seed7201,25,syn_t001_h0000005_r001,0,
24hh_seed7201,25,syn_t001_h0000005_r002,0,
24hh_seed7201,25,syn_t001_h0000007_r001,0,
24hh_seed7201,25,syn_t001_h0000007_r003,0,
24hh_seed7201,25,syn_t001_h0000009_r001,0,
24hh_seed7201,25,syn_t001_h0000010_r001,0,
24hh_seed7201,25,syn_t002_h0000001_r001,0,
24hh_seed7201,25,syn_t002_h0000003_r001,0,
24hh_seed7201,25,syn_t002_h0000004_r001,0,
24hh_seed7201,25,syn_t002_h0000007_r001,0,
24hh_seed7201,25,syn_t002_h0000008_r001,0,
24hh_seed7201,25,syn_t002_h0000009_r002,0,
24hh_seed7201,25,syn_t002_h0000010_r001,0,
24hh_seed7201,25,syn_t002_h0000010_r002,0,
24hh_seed7201,25,syn_t002_h0000011_r001,0,
24hh_seed8301,3,syn_t001_h0000003_r001,0,
24hh_seed8301,3,syn_t001_h0000005_r001,0,
24hh_seed8301,3,syn_t002_h0000006_r001,0,
24hh_seed8301,3,syn_t002_h0000012_r001,0,
24hh_seed8301,3,syn_t002_h0000014_r001,0,
24hh_seed8301,4,syn_t001_h0000003_r001,0,
24hh_seed8301,4,syn_t001_h0000005_r001,0,
24hh_seed8301,4,syn_t002_h0000006_r001,0,
24hh_seed8301,4,syn_t002_h0000012_r001,0,
24hh_seed8301,4,syn_t002_h0000014_r001,0,
24hh_seed8301,5,syn_t001_h0000003_r001,0,
24hh_seed8301,5,syn_t001_h0000005_r001,0,
24hh_seed8301,5,syn_t002_h0000006_r001,0,
24hh_seed8301,5,syn_t002_h0000012_r001,0,
24hh_seed8301,5,syn_t002_h0000014_r001,0,
24hh_seed8301,5,syn_t002_h0000014_r002,0,
24hh_seed8301,6,syn_t001_h0000003_r001,0,
24hh_seed8301,6,syn_t001_h0000005_r001,0,
24hh_seed8301,6,syn_t002_h0000012_r001,0,
24hh_seed8301,6,syn_t002_h0000014_r001,0,
24hh_seed8301,6,syn_t002_h0000014_r002,0,
24hh_seed8301,7,syn_t001_h0000001_r001,0,
24hh_seed8301,7,syn_t001_h0000002_r001,0,
24hh_seed8301,7,syn_t001_h0000003_r001,0,
24hh_seed8301,7,syn_t001_h0000004_r001,0,
24hh_seed8301,7,syn_t001_h0000005_r001,0,
24hh_seed8301,7,syn_t001_h0000007_r001,0,
24hh_seed8301,7,syn_t001_h0000008_r001,0,
24hh_seed8301,7,syn_t001_h0000010_r001,0,
24hh_seed8301,7,syn_t002_h0000002_r001,0,
24hh_seed8301,7,syn_t002_h0000003_r001,0,
24hh_seed8301,7,syn_t002_h0000005_r001,0,
24hh_seed8301,7,syn_t002_h0000007_r001,0,
24hh_seed8301,7,syn_t002_h0000008_r001,0,
24hh_seed8301,7,syn_t002_h0000010_r001,0,
24hh_seed8301,7,syn_t002_h0000012_r001,0,
24hh_seed8301,8,syn_t001_h0000002_r001,0,
24hh_seed8301,8,syn_t001_h0000002_r002,0,
24hh_seed8301,8,syn_t001_h0000005_r001,0,
24hh_seed8301,8,syn_t001_h0000007_r001,0,
24hh_seed8301,8,syn_t001_h0000010_r001,0,
24hh_seed8301,8,syn_t002_h0000003_r001,0,
24hh_seed8301,8,syn_t002_h0000007_r001,0,
24hh_seed8301,8,syn_t002_h0000012_r001,0,
24hh_seed8301,9,syn_t001_h0000002_r001,0,
24hh_seed8301,9,syn_t001_h0000002_r002,0,
24hh_seed8301,9,syn_t001_h0000005_r001,0,
24hh_seed8301,9,syn_t001_h0000007_r001,0,
24hh_seed8301,9,syn_t001_h0000010_r001,0,
24hh_seed8301,9,syn_t002_h0000003_r001,0,
24hh_seed8301,9,syn_t002_h0000007_r001,0,
24hh_seed8301,9,syn_t002_h0000012_r001,0,
24hh_seed8301,10,syn_t001_h0000002_r001,0,
24hh_seed8301,10,syn_t001_h0000002_r002,0,
24hh_seed8301,10,syn_t001_h0000005_r001,0,
24hh_seed8301,10,syn_t001_h0000007_r001,0,
24hh_seed8301,10,syn_t001_h0000010_r001,0,
24hh_seed8301,10,syn_t002_h0000003_r001,0,
24hh_seed8301,10,syn_t002_h0000007_r001,0,
24hh_seed8301,10,syn_t002_h0000012_r001,0,
24hh_seed8301,11,syn_t001_h0000002_r002,0,
24hh_seed8301,11,syn_t001_h0000005_r001,0,
24hh_seed8301,11,syn_t001_h0000007_r001,0,
24hh_seed8301,11,syn_t001_h0000010_r001,0,
24hh_seed8301,11,syn_t002_h0000003_r001,0,
24hh_seed8301,11,syn_t002_h0000007_r001,0,
24hh_seed8301,11,syn_t002_h0000012_r001,0,
24hh_seed8301,12,syn_t001_h0000002_r002,0,
24hh_seed8301,12,syn_t001_h0000005_r001,0,
24hh_seed8301,12,syn_t001_h0000007_r001,0,
24hh_seed8301,12,syn_t001_h0000010_r001,0,
24hh_seed8301,12,syn_t002_h0000003_r001,0,
24hh_seed8301,12,syn_t002_h0000007_r001,0,
24hh_seed8301,12,syn_t002_h0000010_r002,0,
24hh_seed8301,12,syn_t002_h0000012_r001,0,
24hh_seed8301,13,syn_t001_h0000002_r002,0,
24hh_seed8301,13,syn_t001_h0000005_r001,0,
24hh_seed8301,13,syn_t001_h0000007_r001,0,
24hh_seed8301,13,syn_t001_h0000010_r001,0,
24hh_seed8301,13,syn_t002_h0000003_r001,0,
24hh_seed8301,13,syn_t002_h0000007_r001,0,
24hh_seed8301,13,syn_t002_h0000010_r002,0,
24hh_seed8301,13,syn_t002_h0000012_r001,0,
24hh_seed8301,14,syn_t001_h0000002_r002,0,
24hh_seed8301,14,syn_t001_h0000005_r001,0,
24hh_seed8301,14,syn_t001_h0000007_r001,0,
24hh_seed8301,14,syn_t001_h0000010_r001,0,
24hh_seed8301,14,syn_t002_h0000003_r001,0,
24hh_seed8301,14,syn_t002_h0000007_r001,0,
24hh_seed8301,14,syn_t002_h0000012_r001,0,
24hh_seed8301,15,syn_t001_h0000002_r002,0,
24hh_seed8301,15,syn_t001_h0000005_r001,0,
24hh_seed8301,15,syn_t001_h0000007_r001,0,
24hh_seed8301,15,syn_t001_h0000010_r001,0,
24hh_seed8301,15,syn_t002_h0000003_r001,0,
24hh_seed8301,15,syn_t002_h0000007_r001,0,
24hh_seed8301,15,syn_t002_h0000012_r001,0,
24hh_seed8301,16,syn_t001_h0000002_r002,0,
24hh_seed8301,16,syn_t001_h0000005_r001,0,
24hh_seed8301,16,syn_t001_h0000007_r001,0,
24hh_seed8301,16,syn_t001_h0000010_r001,0,
24hh_seed8301,16,syn_t002_h0000003_r001,0,
24hh_seed8301,16,syn_t002_h0000007_r001,0,
24hh_seed8301,16,syn_t002_h0000012_r001,0,
24hh_seed8301,17,syn_t001_h0000002_r002,0,
24hh_seed8301,17,syn_t001_h0000005_r001,0,
24hh_seed8301,17,syn_t001_h0000007_r001,0,
24hh_seed8301,17,syn_t001_h0000010_r001,0,
24hh_seed8301,17,syn_t002_h0000003_r001,0,
24hh_seed8301,17,syn_t002_h0000007_r001,0,
24hh_seed8301,17,syn_t002_h0000012_r001,0,
24hh_seed8301,18,syn_t001_h0000002_r002,0,
24hh_seed8301,18,syn_t001_h0000005_r001,0,
24hh_seed8301,18,syn_t001_h0000007_r001,0,
24hh_seed8301,18,syn_t001_h0000010_r001,0,
24hh_seed8301,18,syn_t002_h0000003_r001,0,
24hh_seed8301,18,syn_t002_h0000007_r001,0,
24hh_seed8301,18,syn_t002_h0000012_r001,0,
24hh_seed8301,19,syn_t001_h0000002_r002,0,
24hh_seed8301,19,syn_t001_h0000005_r001,0,
24hh_seed8301,19,syn_t001_h0000007_r001,0,
24hh_seed8301,19,syn_t001_h0000007_r003,0,
24hh_seed8301,19,syn_t001_h0000010_r001,0,
24hh_seed8301,19,syn_t002_h0000003_r001,0,
24hh_seed8301,19,syn_t002_h0000007_r001,0,
24hh_seed8301,19,syn_t002_h0000012_r001,0,
24hh_seed8301,20,syn_t001_h0000002_r002,0,
24hh_seed8301,20,syn_t001_h0000005_r001,0,
24hh_seed8301,20,syn_t001_h0000007_r001,0,
24hh_seed8301,20,syn_t001_h0000007_r003,0,
24hh_seed8301,20,syn_t001_h0000010_r001,0,
24hh_seed8301,20,syn_t002_h0000003_r001,0,
24hh_seed8301,20,syn_t002_h0000007_r001,0,
24hh_seed8301,20,syn_t002_h0000012_r001,0,
24hh_seed8301,21,syn_t001_h0000002_r002,0,
24hh_seed8301,21,syn_t001_h0000005_r001,0,
24hh_seed8301,21,syn_t001_h0000005_r002,0,
24hh_seed8301,21,syn_t001_h0000007_r001,0,
24hh_seed8301,21,syn_t001_h0000007_r003,0,
24hh_seed8301,21,syn_t001_h0000010_r001,0,
24hh_seed8301,21,syn_t002_h0000003_r001,0,
24hh_seed8301,21,syn_t002_h0000007_r001,0,
24hh_seed8301,21,syn_t002_h0000012_r001,0,
24hh_seed8301,22,syn_t001_h0000002_r002,0,
24hh_seed8301,22,syn_t001_h0000005_r001,0,
24hh_seed8301,22,syn_t001_h0000005_r002,0,
24hh_seed8301,22,syn_t001_h0000007_r001,0,
24hh_seed8301,22,syn_t001_h0000007_r003,0,
24hh_seed8301,22,syn_t001_h0000010_r001,0,
24hh_seed8301,22,syn_t002_h0000003_r001,0,
24hh_seed8301,22,syn_t002_h0000007_r001,0,
24hh_seed8301,23,syn_t001_h0000002_r002,0,
24hh_seed8301,23,syn_t001_h0000005_r001,0,
24hh_seed8301,23,syn_t001_h0000005_r002,0,
24hh_seed8301,23,syn_t001_h0000007_r001,0,
24hh_seed8301,23,syn_t001_h0000007_r003,0,
24hh_seed8301,23,syn_t001_h0000010_r001,0,
24hh_seed8301,23,syn_t002_h0000003_r001,0,
24hh_seed8301,23,syn_t002_h0000007_r001,0,
24hh_seed8301,24,syn_t001_h0000002_r002,0,
24hh_seed8301,24,syn_t001_h0000005_r001,0,
24hh_seed8301,24,syn_t001_h0000005_r002,0,
24hh_seed8301,24,syn_t001_h0000007_r001,0,
24hh_seed8301,24,syn_t001_h0000007_r003,0,
24hh_seed8301,24,syn_t001_h0000009_r001,0,
24hh_seed8301,24,syn_t001_h0000010_r001,0,
24hh_seed8301,24,syn_t002_h0000003_r001,0,
24hh_seed8301,24,syn_t002_h0000007_r001,0,
24hh_seed8301,24,syn_t002_h0000009_r001,0,
24hh_seed8301,24,syn_t002_h0000009_r002,0,
24hh_seed8301,24,syn_t002_h0000011_r001,0,
24hh_seed8301,25,syn_t001_h0000002_r002,0,
24hh_seed8301,25,syn_t001_h0000005_r001,0,
24hh_seed8301,25,syn_t001_h0000005_r002,0,
24hh_seed8301,25,syn_t001_h0000006_r001,0,
24hh_seed8301,25,syn_t001_h0000007_r001,0,
24hh_seed8301,25,syn_t001_h0000007_r003,0,
24hh_seed8301,25,syn_t001_h0000009_r001,0,
24hh_seed8301,25,syn_t001_h0000010_r001,0,
24hh_seed8301,25,syn_t002_h0000001_r001,0,
24hh_seed8301,25,syn_t002_h0000003_r001,0,
24hh_seed8301,25,syn_t002_h0000004_r001,0,
24hh_seed8301,25,syn_t002_h0000007_r001,0,
24hh_seed8301,25,syn_t002_h0000009_r001,0,
24hh_seed8301,25,syn_t002_h0000009_r002,0,
24hh_seed8301,25,syn_t002_h0000011_r001,0,
24hh_seed8301,25,syn_t002_h0000013_r001,0,
24hh_seed8301,25,syn_t002_h0000013_r003,0,
24hh_seed9401,3,syn_t001_h0000001_r001,0,
24hh_seed9401,3,syn_t001_h0000004_r001,0,
24hh_seed9401,3,syn_t001_h0000007_r001,0,
24hh_seed9401,3,syn_t002_h0000013_r001,0,
24hh_seed9401,3,syn_t002_h0000014_r001,0,
24hh_seed9401,4,syn_t001_h0000001_r001,0,
24hh_seed9401,4,syn_t001_h0000004_r001,0,
24hh_seed9401,4,syn_t001_h0000007_r001,0,
24hh_seed9401,4,syn_t002_h0000013_r001,0,
24hh_seed9401,4,syn_t002_h0000014_r001,0,
24hh_seed9401,5,syn_t001_h0000001_r001,0,
24hh_seed9401,5,syn_t001_h0000004_r001,0,
24hh_seed9401,5,syn_t001_h0000007_r001,0,
24hh_seed9401,5,syn_t002_h0000013_r001,0,
24hh_seed9401,5,syn_t002_h0000014_r001,0,
24hh_seed9401,5,syn_t002_h0000014_r002,0,
24hh_seed9401,6,syn_t001_h0000001_r001,0,
24hh_seed9401,6,syn_t001_h0000004_r001,0,
24hh_seed9401,6,syn_t001_h0000007_r001,0,
24hh_seed9401,6,syn_t002_h0000013_r001,0,
24hh_seed9401,6,syn_t002_h0000014_r001,0,
24hh_seed9401,6,syn_t002_h0000014_r002,0,
24hh_seed9401,7,syn_t001_h0000001_r001,0,
24hh_seed9401,7,syn_t001_h0000003_r001,0,
24hh_seed9401,7,syn_t001_h0000004_r001,0,
24hh_seed9401,7,syn_t001_h0000005_r001,0,
24hh_seed9401,7,syn_t001_h0000007_r001,0,
24hh_seed9401,7,syn_t001_h0000008_r001,0,
24hh_seed9401,7,syn_t001_h0000009_r001,0,
24hh_seed9401,7,syn_t001_h0000010_r001,0,
24hh_seed9401,7,syn_t002_h0000002_r001,0,
24hh_seed9401,7,syn_t002_h0000004_r001,0,
24hh_seed9401,7,syn_t002_h0000006_r001,0,
24hh_seed9401,7,syn_t002_h0000007_r001,0,
24hh_seed9401,7,syn_t002_h0000008_r001,0,
24hh_seed9401,7,syn_t002_h0000010_r001,0,
24hh_seed9401,7,syn_t002_h0000011_r001,0,
24hh_seed9401,7,syn_t002_h0000013_r001,0,
24hh_seed9401,8,syn_t001_h0000004_r001,0,
24hh_seed9401,8,syn_t001_h0000005_r001,0,
24hh_seed9401,8,syn_t001_h0000007_r001,0,
24hh_seed9401,8,syn_t001_h0000008_r001,0,
24hh_seed9401,8,syn_t001_h0000010_r001,0,
24hh_seed9401,8,syn_t002_h0000004_r001,0,
24hh_seed9401,8,syn_t002_h0000007_r001,0,
24hh_seed9401,8,syn_t002_h0000010_r001,0,
24hh_seed9401,8,syn_t002_h0000010_r002,0,
24hh_seed9401,8,syn_t002_h0000011_r001,0,
24hh_seed9401,8,syn_t002_h0000013_r001,0,
24hh_seed9401,9,syn_t001_h0000004_r001,0,
24hh_seed9401,9,syn_t001_h0000005_r001,0,
24hh_seed9401,9,syn_t001_h0000007_r001,0,
24hh_seed9401,9,syn_t001_h0000008_r001,0,
24hh_seed9401,9,syn_t001_h0000010_r001,0,
24hh_seed9401,9,syn_t002_h0000004_r001,0,
24hh_seed9401,9,syn_t002_h0000007_r001,0,
24hh_seed9401,9,syn_t002_h0000010_r001,0,
24hh_seed9401,9,syn_t002_h0000010_r002,0,
24hh_seed9401,9,syn_t002_h0000011_r001,0,
24hh_seed9401,9,syn_t002_h0000013_r001,0,
24hh_seed9401,10,syn_t001_h0000004_r001,0,
24hh_seed9401,10,syn_t001_h0000005_r001,0,
24hh_seed9401,10,syn_t001_h0000007_r001,0,
24hh_seed9401,10,syn_t001_h0000008_r001,0,
24hh_seed9401,10,syn_t001_h0000010_r001,0,
24hh_seed9401,10,syn_t002_h0000004_r001,0,
24hh_seed9401,10,syn_t002_h0000007_r001,0,
24hh_seed9401,10,syn_t002_h0000010_r001,0,
24hh_seed9401,10,syn_t002_h0000010_r002,0,
24hh_seed9401,10,syn_t002_h0000011_r001,0,
24hh_seed9401,10,syn_t002_h0000013_r001,0,
24hh_seed9401,11,syn_t001_h0000004_r001,0,
24hh_seed9401,11,syn_t001_h0000005_r001,0,
24hh_seed9401,11,syn_t001_h0000007_r001,0,
24hh_seed9401,11,syn_t001_h0000008_r001,0,
24hh_seed9401,11,syn_t001_h0000010_r001,0,
24hh_seed9401,11,syn_t002_h0000004_r001,0,
24hh_seed9401,11,syn_t002_h0000007_r001,0,
24hh_seed9401,11,syn_t002_h0000010_r002,0,
24hh_seed9401,11,syn_t002_h0000011_r001,0,
24hh_seed9401,11,syn_t002_h0000013_r001,0,
24hh_seed9401,12,syn_t001_h0000004_r001,0,
24hh_seed9401,12,syn_t001_h0000005_r001,0,
24hh_seed9401,12,syn_t001_h0000007_r001,0,
24hh_seed9401,12,syn_t001_h0000008_r001,0,
24hh_seed9401,12,syn_t001_h0000010_r001,0,
24hh_seed9401,12,syn_t002_h0000004_r001,0,
24hh_seed9401,12,syn_t002_h0000007_r001,0,
24hh_seed9401,12,syn_t002_h0000011_r001,0,
24hh_seed9401,12,syn_t002_h0000013_r001,0,
24hh_seed9401,13,syn_t001_h0000004_r001,0,
24hh_seed9401,13,syn_t001_h0000005_r001,0,
24hh_seed9401,13,syn_t001_h0000005_r002,0,
24hh_seed9401,13,syn_t001_h0000007_r001,0,
24hh_seed9401,13,syn_t001_h0000008_r001,0,
24hh_seed9401,13,syn_t001_h0000010_r001,0,
24hh_seed9401,13,syn_t002_h0000004_r001,0,
24hh_seed9401,13,syn_t002_h0000007_r001,0,
24hh_seed9401,13,syn_t002_h0000011_r001,0,
24hh_seed9401,13,syn_t002_h0000013_r001,0,
24hh_seed9401,14,syn_t001_h0000004_r001,0,
24hh_seed9401,14,syn_t001_h0000005_r001,0,
24hh_seed9401,14,syn_t001_h0000005_r002,0,
24hh_seed9401,14,syn_t001_h0000007_r001,0,
24hh_seed9401,14,syn_t001_h0000010_r001,0,
24hh_seed9401,14,syn_t002_h0000004_r001,0,
24hh_seed9401,14,syn_t002_h0000007_r001,0,
24hh_seed9401,14,syn_t002_h0000011_r001,0,
24hh_seed9401,14,syn_t002_h0000013_r001,0,
24hh_seed9401,15,syn_t001_h0000004_r001,0,
24hh_seed9401,15,syn_t001_h0000005_r001,0,
24hh_seed9401,15,syn_t001_h0000005_r002,0,
24hh_seed9401,15,syn_t001_h0000007_r001,0,
24hh_seed9401,15,syn_t001_h0000010_r001,0,
24hh_seed9401,15,syn_t002_h0000004_r001,0,
24hh_seed9401,15,syn_t002_h0000007_r001,0,
24hh_seed9401,15,syn_t002_h0000011_r001,0,
24hh_seed9401,15,syn_t002_h0000013_r001,0,
24hh_seed9401,16,syn_t001_h0000004_r001,0,
24hh_seed9401,16,syn_t001_h0000005_r001,0,
24hh_seed9401,16,syn_t001_h0000005_r002,0,
24hh_seed9401,16,syn_t001_h0000007_r001,0,
24hh_seed9401,16,syn_t001_h0000010_r001,0,
24hh_seed9401,16,syn_t002_h0000004_r001,0,
24hh_seed9401,16,syn_t002_h0000007_r001,0,
24hh_seed9401,16,syn_t002_h0000011_r001,0,
24hh_seed9401,16,syn_t002_h0000013_r001,0,
24hh_seed9401,17,syn_t001_h0000004_r001,0,
24hh_seed9401,17,syn_t001_h0000005_r001,0,
24hh_seed9401,17,syn_t001_h0000005_r002,0,
24hh_seed9401,17,syn_t001_h0000007_r001,0,
24hh_seed9401,17,syn_t001_h0000010_r001,0,
24hh_seed9401,17,syn_t002_h0000004_r001,0,
24hh_seed9401,17,syn_t002_h0000007_r001,0,
24hh_seed9401,17,syn_t002_h0000011_r001,0,
24hh_seed9401,17,syn_t002_h0000013_r001,0,
24hh_seed9401,18,syn_t001_h0000004_r001,0,
24hh_seed9401,18,syn_t001_h0000005_r001,0,
24hh_seed9401,18,syn_t001_h0000005_r002,0,
24hh_seed9401,18,syn_t001_h0000007_r001,0,
24hh_seed9401,18,syn_t001_h0000010_r001,0,
24hh_seed9401,18,syn_t002_h0000004_r001,0,
24hh_seed9401,18,syn_t002_h0000007_r001,0,
24hh_seed9401,18,syn_t002_h0000011_r001,0,
24hh_seed9401,18,syn_t002_h0000013_r001,0,
24hh_seed9401,19,syn_t001_h0000004_r001,0,
24hh_seed9401,19,syn_t001_h0000005_r001,0,
24hh_seed9401,19,syn_t001_h0000005_r002,0,
24hh_seed9401,19,syn_t001_h0000007_r001,0,
24hh_seed9401,19,syn_t001_h0000010_r001,0,
24hh_seed9401,19,syn_t002_h0000004_r001,0,
24hh_seed9401,19,syn_t002_h0000007_r001,0,
24hh_seed9401,19,syn_t002_h0000011_r001,0,
24hh_seed9401,19,syn_t002_h0000013_r001,0,
24hh_seed9401,20,syn_t001_h0000004_r001,0,
24hh_seed9401,20,syn_t001_h0000005_r001,0,
24hh_seed9401,20,syn_t001_h0000005_r002,0,
24hh_seed9401,20,syn_t001_h0000007_r001,0,
24hh_seed9401,20,syn_t001_h0000010_r001,0,
24hh_seed9401,20,syn_t002_h0000004_r001,0,
24hh_seed9401,20,syn_t002_h0000007_r001,0,
24hh_seed9401,20,syn_t002_h0000011_r001,0,
24hh_seed9401,20,syn_t002_h0000013_r001,0,
24hh_seed9401,21,syn_t001_h0000004_r001,0,
24hh_seed9401,21,syn_t001_h0000005_r001,0,
24hh_seed9401,21,syn_t001_h0000005_r002,0,
24hh_seed9401,21,syn_t001_h0000007_r001,0,
24hh_seed9401,21,syn_t001_h0000010_r001,0,
24hh_seed9401,21,syn_t002_h0000004_r001,0,
24hh_seed9401,21,syn_t002_h0000007_r001,0,
24hh_seed9401,21,syn_t002_h0000011_r001,0,
24hh_seed9401,21,syn_t002_h0000013_r001,0,
24hh_seed9401,22,syn_t001_h0000004_r001,0,
24hh_seed9401,22,syn_t001_h0000005_r001,0,
24hh_seed9401,22,syn_t001_h0000005_r002,0,
24hh_seed9401,22,syn_t001_h0000007_r001,0,
24hh_seed9401,22,syn_t001_h0000010_r001,0,
24hh_seed9401,22,syn_t002_h0000004_r001,0,
24hh_seed9401,22,syn_t002_h0000007_r001,0,
24hh_seed9401,22,syn_t002_h0000011_r001,0,
24hh_seed9401,22,syn_t002_h0000013_r001,0,
24hh_seed9401,23,syn_t001_h0000004_r001,0,
24hh_seed9401,23,syn_t001_h0000005_r001,0,
24hh_seed9401,23,syn_t001_h0000005_r002,0,
24hh_seed9401,23,syn_t001_h0000007_r001,0,
24hh_seed9401,23,syn_t001_h0000010_r001,0,
24hh_seed9401,23,syn_t002_h0000004_r001,0,
24hh_seed9401,23,syn_t002_h0000007_r001,0,
24hh_seed9401,23,syn_t002_h0000011_r001,0,
24hh_seed9401,23,syn_t002_h0000013_r001,0,
24hh_seed9401,24,syn_t001_h0000002_r001,0,
24hh_seed9401,24,syn_t001_h0000002_r002,0,
24hh_seed9401,24,syn_t001_h0000004_r001,0,
24hh_seed9401,24,syn_t001_h0000005_r001,0,
24hh_seed9401,24,syn_t001_h0000005_r002,0,
24hh_seed9401,24,syn_t001_h0000006_r001,0,
24hh_seed9401,24,syn_t001_h0000007_r001,0,
24hh_seed9401,24,syn_t001_h0000010_r001,0,
24hh_seed9401,24,syn_t002_h0000003_r001,0,
24hh_seed9401,24,syn_t002_h0000004_r001,0,
24hh_seed9401,24,syn_t002_h0000005_r001,0,
24hh_seed9401,24,syn_t002_h0000007_r001,0,
24hh_seed9401,24,syn_t002_h0000011_r001,0,
24hh_seed9401,24,syn_t002_h0000013_r001,0,
24hh_seed9401,25,syn_t001_h0000002_r001,0,
24hh_seed9401,25,syn_t001_h0000002_r002,0,
24hh_seed9401,25,syn_t001_h0000004_r001,0,
24hh_seed9401,25,syn_t001_h0000005_r001,0,
24hh_seed9401,25,syn_t001_h0000005_r002,0,
24hh_seed9401,25,syn_t001_h0000006_r001,0,
24hh_seed9401,25,syn_t001_h0000007_r001,0,
24hh_seed9401,25,syn_t001_h0000007_r003,0,
24hh_seed9401,25,syn_t001_h0000010_r001,0,
24hh_seed9401,25,syn_t002_h0000001_r001,0,
24hh_seed9401,25,syn_t002_h0000003_r001,0,
24hh_seed9401,25,syn_t002_h0000004_r001,0,
24hh_seed9401,25,syn_t002_h0000005_r001,0,
24hh_seed9401,25,syn_t002_h0000007_r001,0,
24hh_seed9401,25,syn_t002_h0000009_r001,0,
24hh_seed9401,25,syn_t002_h0000009_r002,0,
24hh_seed9401,25,syn_t002_h0000011_r001,0,
24hh_seed9401,25,syn_t002_h0000012_r001,0,
24hh_seed9401,25,syn_t002_h0000013_r001,0,
24hh_seed9401,25,syn_t002_h0000013_r003,0,
