run,message_id,household_id,issued_step,expected_formed_step,expected_stage,expected_feasible,recorded_feasible,oracle_reasons,record_consistency_errors,planned_departure_step,route_id,terminal_commitment_status,terminal_step,outside_window
24hh_seed7201,m8:syn_t002_h0000013_r001:0,syn_t002_h0000013,8,,invalid_membership,False,False,invalid_travelers,,10,tiger_primary,not_formed,,False
24hh_seed7201,m8:syn_t002_h0000014_r001:1,syn_t002_h0000014,8,,declined,False,False,,,10,tiger_primary,not_formed,,False
24hh_seed7201,m7:syn_t002_h0000013_r001:0,syn_t002_h0000013,7,8,feasible_agreement,True,True,,,9,tiger_primary,cancelled,9,False
24hh_seed7201,m7:syn_t002_h0000014_r001:0,syn_t002_h0000014,7,8,feasible_agreement,True,True,,,9,tiger_primary,rejected,9,False
24hh_seed7201,m9:syn_t002_h0000009_r001:0,syn_t002_h0000009,9,,declined,False,False,,,11,tiger_primary,not_formed,,False
24hh_seed7201,m8:syn_t002_h0000009_r001:0,syn_t002_h0000009,8,9,feasible_agreement,True,True,,,10,tiger_primary,rejected,10,False
24hh_seed7201,m10:syn_t002_h0000013_r001:0,syn_t002_h0000013,10,,declined,False,False,,,12,tiger_primary,not_formed,,False
24hh_seed7201,m9:syn_t002_h0000013_r001:0,syn_t002_h0000013,9,10,feasible_agreement,True,True,,,11,tiger_primary,rejected,11,False
24hh_seed7201,m11:syn_t002_h0000009_r002:0,syn_t002_h0000009,11,,pending_response,False,False,,,13,tiger_alternate,not_formed,,False
24hh_seed7201,m11:syn_t002_h0000014_r001:0,syn_t002_h0000014,11,,declined,False,False,,,13,tiger_alternate,not_formed,,False
24hh_seed7201,m10:syn_t002_h0000014_r001:0,syn_t002_h0000014,10,11,feasible_agreement,True,True,,,12,tiger_alternate,executed,12,False
24hh_seed7201,m12:syn_t002_h0000009_r002:1,syn_t002_h0000009,12,,pending_response,False,False,,,14,tiger_alternate,not_formed,,False
24hh_seed7201,m12:syn_t002_h0000013_r003:0,syn_t002_h0000013,12,13,feasible_agreement,True,True,,,14,tiger_alternate,executed,14,False
24hh_seed7201,m12:syn_t002_h0000013_r001:1,syn_t002_h0000013,12,13,resource_conflict,False,False,active_party_resource_conflict,,14,tiger_alternate,not_formed,,False
24hh_seed7201,m15:syn_t002_h0000009_r002:1,syn_t002_h0000009,15,,pending_response,False,False,,,17,tiger_alternate,not_formed,,False
24hh_seed7201,m23:syn_t001_h0000009_r001:1,syn_t001_h0000009,23,,invalid_membership,False,False,invalid_travelers,,25,tiger_primary,not_formed,,False
24hh_seed7201,m24:syn_t001_h0000009_r001:1,syn_t001_h0000009,24,24,invalid_membership,False,False,invalid_dependents,,26,tiger_primary,not_formed,,True
24hh_seed7201,m25:syn_t001_h0000009_r001:0,syn_t001_h0000009,25,25,invalid_membership,False,False,invalid_dependents,,27,tiger_primary,not_formed,,True
24hh_seed7201,m25:syn_t002_h0000009_r002:1,syn_t002_h0000009,25,,pending_response,False,False,,,27,tiger_alternate,not_formed,,True
24hh_seed7201,m25:syn_t002_h0000010_r002:0,syn_t002_h0000010,25,,pending_response,False,False,,,27,tiger_primary,not_formed,,True
24hh_seed8301,m5:syn_t002_h0000014_r001:0,syn_t002_h0000014,5,,declined,False,False,,,7,tiger_primary,not_formed,,False
24hh_seed8301,m4:syn_t002_h0000014_r001:1,syn_t002_h0000014,4,5,feasible_agreement,True,True,,,6,tiger_primary,executed,6,False
24hh_seed8301,m8:syn_t001_h0000002_r001:0,syn_t001_h0000002,8,,declined,False,False,,,10,tiger_primary,not_formed,,False
24hh_seed8301,m7:syn_t001_h0000002_r001:0,syn_t001_h0000002,7,8,feasible_agreement,True,True,,,9,tiger_primary,rejected,9,False
24hh_seed8301,m10:syn_t001_h0000002_r002:0,syn_t001_h0000002,10,,pending_response,False,False,,,12,tiger_alternate,not_formed,,False
24hh_seed8301,m14:syn_t001_h0000002_r002:0,syn_t001_h0000002,14,,pending_response,False,False,,,16,tiger_alternate,not_formed,,False
24hh_seed8301,m15:syn_t001_h0000002_r002:1,syn_t001_h0000002,15,,pending_response,False,False,,,17,tiger_alternate,not_formed,,False
24hh_seed8301,m17:syn_t001_h0000002_r002:0,syn_t001_h0000002,17,,pending_response,False,False,,,19,tiger_alternate,not_formed,,False
24hh_seed8301,m18:syn_t001_h0000002_r002:0,syn_t001_h0000002,18,,pending_response,False,False,,,20,tiger_alternate,not_formed,,False
24hh_seed8301,m19:syn_t001_h0000002_r002:1,syn_t001_h0000002,19,,pending_response,False,False,,,21,tiger_alternate,not_formed,,False
24hh_seed8301,m20:syn_t001_h0000002_r002:0,syn_t001_h0000002,20,,pending_response,False,False,,,22,tiger_alternate,not_formed,,False
24hh_seed8301,m25:syn_t002_h0000009_r001:0,syn_t002_h0000009,25,,pending_response,False,False,,,27,tiger_primary,not_formed,,True
24hh_seed8301,m25:syn_t002_h0000013_r003:0,syn_t002_h0000013,25,,invalid_membership,False,False,invalid_travelers,,27,tiger_primary,not_formed,,True
24hh_seed8301,m24:syn_t002_h0000009_r001:0,syn_t002_h0000009,24,25,feasible_agreement,True,True,,,26,tiger_primary,accepted,,True
24hh_seed9401,m5:syn_t002_h0000014_r001:0,syn_t002_h0000014,5,,declined,False,False,,,7,tiger_primary,not_formed,,False
24hh_seed9401,m4:syn_t002_h0000014_r001:1,syn_t002_h0000014,4,5,feasible_agreement,True,True,,,6,tiger_primary,executed,6,False
24hh_seed9401,m8:syn_t002_h0000010_r001:0,syn_t002_h0000010,8,,declined,False,False,,,10,tiger_primary,not_formed,,False
24hh_seed9401,m7:syn_t002_h0000010_r001:1,syn_t002_h0000010,7,8,feasible_agreement,True,True,,,9,tiger_primary,rejected,9,False
24hh_seed9401,m10:syn_t002_h0000010_r002:0,syn_t002_h0000010,10,,pending_response,False,False,,,12,tiger_alternate,not_formed,,False
24hh_seed9401,m19:syn_t002_h0000013_r001:0,syn_t002_h0000013,19,,invalid_membership,False,False,invalid_travelers,,21,tiger_primary,not_formed,,False
24hh_seed9401,m20:syn_t002_h0000013_r001:0,syn_t002_h0000013,20,,invalid_membership,False,False,invalid_travelers,,22,tiger_primary,not_formed,,False
24hh_seed9401,m22:syn_t002_h0000013_r001:1,syn_t002_h0000013,22,,invalid_membership,False,False,invalid_dependents|invalid_travelers,,24,tiger_primary,not_formed,,False
24hh_seed9401,m23:syn_t002_h0000013_r001:0,syn_t002_h0000013,23,,invalid_membership,False,False,invalid_dependents|invalid_travelers,,25,tiger_primary,not_formed,,False
24hh_seed9401,m24:syn_t002_h0000013_r001:0,syn_t002_h0000013,24,,invalid_membership,False,False,invalid_dependents|invalid_travelers,,26,tiger_primary,not_formed,,True
24hh_seed9401,m25:syn_t001_h0000002_r001:0,syn_t001_h0000002,25,,pending_response,False,False,,,27,tiger_primary,not_formed,,True
24hh_seed9401,m25:syn_t002_h0000009_r002:1,syn_t002_h0000009,25,,pending_response,False,False,,,27,tiger_primary,not_formed,,True
24hh_seed9401,m25:syn_t002_h0000013_r001:0,syn_t002_h0000013,25,,invalid_membership,False,False,invalid_dependents|invalid_travelers,,27,tiger_primary,not_formed,,True
24hh_seed9401,m25:syn_t002_h0000013_r003:0,syn_t002_h0000013,25,,invalid_membership,False,False,invalid_dependents|invalid_travelers,,27,tiger_primary,not_formed,,True
24hh_seed9401,m24:syn_t001_h0000002_r001:0,syn_t001_h0000002,24,25,feasible_agreement,True,True,,,26,tiger_primary,accepted,,True
